[
  {
    "line": 20,
    "elements": [
      {
        "BDD_TESTRUN_UUID": "ebcc6eae-9c4d-425f-a1c2-005f767e7e05",
        "line": 23,
        "name": "",
        "description": "",
        "type": "background",
        "keyword": "Background",
        "steps": [
          {
            "result": {
              "duration": 2848498100,
              "status": "passed"
            },
            "line": 24,
            "name": "I am on the Alta Shop website",
            "match": {
              "location": "web.onTheWebsite()"
            },
            "keyword": "Given ",
            "BDD_STEP_UUID": "7c6e0dbb-4605-4ed2-944b-68a348762f33"
          }
        ]
      },
      {
        "BDD_TESTRUN_UUID": "ebcc6eae-9c4d-425f-a1c2-005f767e7e05",
        "line": 27,
        "name": "Add to cart",
        "description": "",
        "id": "web;add-to-cart",
        "type": "scenario",
        "keyword": "Scenario",
        "steps": [
          {
            "result": {
              "duration": 2915015300,
              "status": "passed"
            },
            "line": 28,
            "name": "I click the Beli button",
            "match": {
              "location": "web.iSelectProduct()"
            },
            "keyword": "When ",
            "BDD_STEP_UUID": "9b06924a-4523-4181-8d06-ec853120e21e"
          },
          {
            "result": {
              "duration": 556694200,
              "status": "passed"
            },
            "line": 29,
            "name": "The product should be successfully added to my shopping cart",
            "match": {
              "location": "web.addProductTo()"
            },
            "keyword": "Then ",
            "BDD_STEP_UUID": "421ee77f-7e6e-4bf8-92d3-12efe2484ba2"
          }
        ],
        "tags": [
          {
            "name": "@tag"
          },
          {
            "name": "@tag1"
          }
        ]
      },
      {
        "BDD_TESTRUN_UUID": "57a4800a-f742-4bb6-995d-61cecbe0fe5e",
        "line": 23,
        "name": "",
        "description": "",
        "type": "background",
        "keyword": "Background",
        "steps": [
          {
            "result": {
              "duration": 2416182800,
              "status": "passed"
            },
            "line": 24,
            "name": "I am on the Alta Shop website",
            "match": {
              "location": "web.onTheWebsite()"
            },
            "keyword": "Given ",
            "BDD_STEP_UUID": "a6cf88cd-3587-48b8-903d-2076309d4451"
          }
        ]
      },
      {
        "BDD_TESTRUN_UUID": "57a4800a-f742-4bb6-995d-61cecbe0fe5e",
        "line": 32,
        "name": "View product details",
        "description": "",
        "id": "web;view-product-details",
        "type": "scenario",
        "keyword": "Scenario",
        "steps": [
          {
            "result": {
              "duration": 2875086300,
              "status": "passed"
            },
            "line": 33,
            "name": "I click on the product to view its details",
            "match": {
              "location": "web.iSelectProductDetail()"
            },
            "keyword": "When ",
            "BDD_STEP_UUID": "d2811424-e922-4574-9189-69658fe233c2"
          },
          {
            "result": {
              "duration": 829925700,
              "status": "passed"
            },
            "line": 34,
            "name": "The product detail page should open with accurate product information",
            "match": {
              "location": "web.viewDetailProduct()"
            },
            "keyword": "Then ",
            "BDD_STEP_UUID": "204b6e1e-3373-4616-8e7e-7858e81e0580"
          }
        ],
        "tags": [
          {
            "name": "@tag"
          },
          {
            "name": "@tag2"
          }
        ]
      },
      {
        "BDD_TESTRUN_UUID": "f064a539-0420-4222-8a88-76d9f802482e",
        "line": 23,
        "name": "",
        "description": "",
        "type": "background",
        "keyword": "Background",
        "steps": [
          {
            "result": {
              "duration": 2796054100,
              "status": "passed"
            },
            "line": 24,
            "name": "I am on the Alta Shop website",
            "match": {
              "location": "web.onTheWebsite()"
            },
            "keyword": "Given ",
            "BDD_STEP_UUID": "10bfa163-b9ab-43f8-b1d6-8e1958421536"
          }
        ]
      },
      {
        "BDD_TESTRUN_UUID": "f064a539-0420-4222-8a88-76d9f802482e",
        "line": 37,
        "name": "Checkout items on cart",
        "description": "",
        "id": "web;checkout-items-on-cart",
        "type": "scenario",
        "keyword": "Scenario",
        "steps": [
          {
            "result": {
              "duration": 6414443900,
              "status": "passed"
            },
            "line": 38,
            "name": "I login to my account",
            "match": {
              "location": "web.iLogin()"
            },
            "keyword": "When ",
            "BDD_STEP_UUID": "85223d5f-e35e-4bb1-b537-85383d7d2658"
          },
          {
            "result": {
              "duration": 6147755400,
              "status": "passed"
            },
            "line": 39,
            "name": "I click on the product Beli button to add to cart",
            "match": {
              "location": "web.iClickBeli()"
            },
            "keyword": "And ",
            "BDD_STEP_UUID": "ca37c9f0-bbb6-4d9d-8320-9821da94f09d"
          },
          {
            "result": {
              "duration": 759776700,
              "status": "passed"
            },
            "line": 40,
            "name": "I click the Checkout button",
            "match": {
              "location": "web.iClickCheckout()"
            },
            "keyword": "And ",
            "BDD_STEP_UUID": "a16c2b33-6bcc-46f6-97a1-61553f250534"
          },
          {
            "result": {
              "duration": 1000018500,
              "status": "passed"
            },
            "line": 41,
            "name": "I should get success notification",
            "match": {
              "location": "web.getSuccessCheckoutNotif()"
            },
            "keyword": "Then ",
            "BDD_STEP_UUID": "4895b88f-6332-4cae-bfa8-cffdf2bdab96"
          }
        ],
        "tags": [
          {
            "name": "@tag"
          },
          {
            "name": "@tag3"
          }
        ]
      },
      {
        "BDD_TESTRUN_UUID": "7a2adb7f-e8a1-4a2b-a587-ec25b41d69f9",
        "line": 23,
        "name": "",
        "description": "",
        "type": "background",
        "keyword": "Background",
        "steps": [
          {
            "result": {
              "duration": 2582765500,
              "status": "passed"
            },
            "line": 24,
            "name": "I am on the Alta Shop website",
            "match": {
              "location": "web.onTheWebsite()"
            },
            "keyword": "Given ",
            "BDD_STEP_UUID": "9880d171-6af7-44c3-933b-57bb6b26f601"
          }
        ]
      },
      {
        "BDD_TESTRUN_UUID": "7a2adb7f-e8a1-4a2b-a587-ec25b41d69f9",
        "line": 44,
        "name": "Checkout items on cart without login",
        "description": "",
        "id": "web;checkout-items-on-cart-without-login",
        "type": "scenario",
        "keyword": "Scenario",
        "steps": [
          {
            "result": {
              "duration": 4573304400,
              "status": "passed"
            },
            "line": 45,
            "name": "I add a product to the shopping cart",
            "match": {
              "location": "web.iAddProduct()"
            },
            "keyword": "When ",
            "BDD_STEP_UUID": "9abc267f-d91a-49ba-a0dd-133f88a7e566"
          },
          {
            "result": {
              "duration": 1366604100,
              "status": "passed"
            },
            "line": 46,
            "name": "I proceed to checkout",
            "match": {
              "location": "web.iCheckout()"
            },
            "keyword": "And ",
            "BDD_STEP_UUID": "c01d9b8d-7cd3-4845-9acb-400e2d07a0f3"
          },
          {
            "result": {
              "duration": 459838700,
              "status": "passed"
            },
            "line": 47,
            "name": "I should be prompted to log in or continue as a guest",
            "match": {
              "location": "web.iRediresctToLogin()"
            },
            "keyword": "Then ",
            "BDD_STEP_UUID": "a8f12621-1ffb-4d10-9bb1-767cbd072880"
          }
        ],
        "tags": [
          {
            "name": "@tag"
          },
          {
            "name": "@tag4"
          }
        ]
      },
      {
        "BDD_TESTRUN_UUID": "ba92533f-8cf6-42f1-acfb-352b99b1ae22",
        "line": 23,
        "name": "",
        "description": "",
        "type": "background",
        "keyword": "Background",
        "steps": [
          {
            "result": {
              "duration": 2286347500,
              "status": "passed"
            },
            "line": 24,
            "name": "I am on the Alta Shop website",
            "match": {
              "location": "web.onTheWebsite()"
            },
            "keyword": "Given ",
            "BDD_STEP_UUID": "56cecbaa-07fb-4259-82c3-dfd671027dff"
          }
        ]
      },
      {
        "BDD_TESTRUN_UUID": "ba92533f-8cf6-42f1-acfb-352b99b1ae22",
        "line": 50,
        "name": "Invalid login",
        "description": "",
        "id": "web;invalid-login",
        "type": "scenario",
        "keyword": "Scenario",
        "steps": [
          {
            "result": {
              "duration": 2730846200,
              "status": "passed"
            },
            "line": 51,
            "name": "I click the Login button",
            "match": {
              "location": "web.iClickLogin()"
            },
            "keyword": "When ",
            "BDD_STEP_UUID": "68b723c2-0ed6-4331-ba30-87dede6bf75d"
          },
          {
            "result": {
              "duration": 1713263100,
              "status": "passed"
            },
            "line": 52,
            "name": "I enter invalid login credentials",
            "match": {
              "location": "web.iEnterInvalidLoginCredentials()"
            },
            "keyword": "And ",
            "BDD_STEP_UUID": "c1c4d11a-06e4-4192-a3fe-8639db591bd6"
          },
          {
            "result": {
              "duration": 355208700,
              "status": "passed"
            },
            "line": 53,
            "name": "I click the Login button to login",
            "match": {
              "location": "web.iClickLoginToLogin()"
            },
            "keyword": "And ",
            "BDD_STEP_UUID": "0a78613c-aaed-4f91-b0ce-ec4360b41d59"
          },
          {
            "result": {
              "duration": 559997200,
              "status": "passed"
            },
            "line": 54,
            "name": "I should receive an error message indicating invalid credentials",
            "match": {
              "location": "web.iGetErrorLoginMessage()"
            },
            "keyword": "Then ",
            "BDD_STEP_UUID": "da00935a-3368-4640-948c-c5cc7083ea5c"
          }
        ],
        "tags": [
          {
            "name": "@tag"
          },
          {
            "name": "@tag5"
          }
        ]
      },
      {
        "BDD_TESTRUN_UUID": "c0abce66-54ba-4018-9385-14bc2a9bd9ca",
        "line": 23,
        "name": "",
        "description": "",
        "type": "background",
        "keyword": "Background",
        "steps": [
          {
            "result": {
              "duration": 2239052800,
              "status": "passed"
            },
            "line": 24,
            "name": "I am on the Alta Shop website",
            "match": {
              "location": "web.onTheWebsite()"
            },
            "keyword": "Given ",
            "BDD_STEP_UUID": "ffdf1f40-d2f9-40c0-bbd6-62b91e883ce2"
          }
        ]
      },
      {
        "BDD_TESTRUN_UUID": "c0abce66-54ba-4018-9385-14bc2a9bd9ca",
        "line": 57,
        "name": "Valid Login",
        "description": "",
        "id": "web;valid-login",
        "type": "scenario",
        "keyword": "Scenario",
        "steps": [
          {
            "result": {
              "duration": 2778950900,
              "status": "passed"
            },
            "line": 58,
            "name": "I tap the Login button",
            "match": {
              "location": "web.iClickLogin2()"
            },
            "keyword": "When ",
            "BDD_STEP_UUID": "5ea6cbfd-3436-4bf7-b491-077310803f7c"
          },
          {
            "result": {
              "duration": 1782281400,
              "status": "passed"
            },
            "line": 59,
            "name": "I enter valid login credentials",
            "match": {
              "location": "web.iEnterValidLoginCredentials()"
            },
            "keyword": "And ",
            "BDD_STEP_UUID": "b57cd148-79b5-47f7-ac99-c39d157bfe3e"
          },
          {
            "result": {
              "duration": 353705600,
              "status": "passed"
            },
            "line": 60,
            "name": "I tap the Login button to login to my account",
            "match": {
              "location": "web.iClickLoginToLogin2()"
            },
            "keyword": "And ",
            "BDD_STEP_UUID": "4b0212c9-c8bc-44f6-ab69-a31187690924"
          },
          {
            "result": {
              "duration": 4044218400,
              "status": "passed"
            },
            "line": 61,
            "name": "I should successfully log into my account",
            "match": {
              "location": "web.iSuccesfullyLoginToMyAccount()"
            },
            "keyword": "Then ",
            "BDD_STEP_UUID": "d46d6951-ce56-4294-8275-cbfa1ad2af70"
          }
        ],
        "tags": [
          {
            "name": "@tag"
          },
          {
            "name": "@tag6"
          }
        ]
      },
      {
        "BDD_TESTRUN_UUID": "5cf6b57c-f2e2-4b6f-87a2-c787b6e7fbba",
        "line": 23,
        "name": "",
        "description": "",
        "type": "background",
        "keyword": "Background",
        "steps": [
          {
            "result": {
              "duration": 2388532000,
              "status": "passed"
            },
            "line": 24,
            "name": "I am on the Alta Shop website",
            "match": {
              "location": "web.onTheWebsite()"
            },
            "keyword": "Given ",
            "BDD_STEP_UUID": "d78471ac-89e1-4e2d-8a1c-9423589301c6"
          }
        ]
      },
      {
        "BDD_TESTRUN_UUID": "5cf6b57c-f2e2-4b6f-87a2-c787b6e7fbba",
        "line": 64,
        "name": "Invalid Register",
        "description": "",
        "id": "web;invalid-register",
        "type": "scenario",
        "keyword": "Scenario",
        "steps": [
          {
            "result": {
              "duration": 3770373000,
              "status": "passed"
            },
            "line": 65,
            "name": "I navigate to the registration page",
            "match": {
              "location": "web.iNavigateRegister()"
            },
            "keyword": "When ",
            "BDD_STEP_UUID": "5a082412-a21d-4526-a38f-1c840f0817ab"
          },
          {
            "result": {
              "duration": 2398138900,
              "status": "passed"
            },
            "line": 66,
            "name": "I submit the registration form without filling in any fields",
            "match": {
              "location": "web.iSubmitEmptyRegistrationForm()"
            },
            "keyword": "And ",
            "BDD_STEP_UUID": "cf1df9a5-16cb-44d8-a492-98ae77b07b9e"
          },
          {
            "result": {
              "duration": 545738300,
              "status": "passed"
            },
            "line": 67,
            "name": "I should see validation errors indicating that all fields are required",
            "match": {
              "location": "web.iGetErrorRegisterMessage()"
            },
            "keyword": "Then ",
            "BDD_STEP_UUID": "2ebd94b6-afb8-4f1d-968f-b646407d8b14"
          }
        ],
        "tags": [
          {
            "name": "@tag"
          },
          {
            "name": "@tag7"
          }
        ]
      },
      {
        "BDD_TESTRUN_UUID": "2cecf489-d7e4-4c99-b776-6461b7af6776",
        "line": 23,
        "name": "",
        "description": "",
        "type": "background",
        "keyword": "Background",
        "steps": [
          {
            "result": {
              "duration": 2311599100,
              "status": "passed"
            },
            "line": 24,
            "name": "I am on the Alta Shop website",
            "match": {
              "location": "web.onTheWebsite()"
            },
            "keyword": "Given ",
            "BDD_STEP_UUID": "622a4e8b-c167-461e-babc-c40a626c8c04"
          }
        ]
      },
      {
        "BDD_TESTRUN_UUID": "2cecf489-d7e4-4c99-b776-6461b7af6776",
        "line": 70,
        "name": "Valid Register",
        "description": "",
        "id": "web;valid-register",
        "type": "scenario",
        "keyword": "Scenario",
        "steps": [
          {
            "result": {
              "duration": 3751363300,
              "status": "passed"
            },
            "line": 71,
            "name": "I click the Register button",
            "match": {
              "location": "web.iClickTheRegisterButton()"
            },
            "keyword": "When ",
            "BDD_STEP_UUID": "6cc98619-e7b5-4b85-a767-592221f996ae"
          },
          {
            "result": {
              "duration": 2063787900,
              "status": "passed"
            },
            "line": 72,
            "name": "I fill in the required registration details",
            "match": {
              "location": "web.iFillValidRgister()"
            },
            "keyword": "And ",
            "BDD_STEP_UUID": "10e3440a-4013-4c2e-9e0d-4d18cc9a49e0"
          },
          {
            "result": {
              "duration": 363724000,
              "status": "passed"
            },
            "line": 73,
            "name": "I click the Register button2",
            "match": {
              "location": "web.iClickRegis2()"
            },
            "keyword": "And ",
            "BDD_STEP_UUID": "045783fb-09f0-4264-be93-5ae1c82f02c8"
          },
          {
            "result": {
              "duration": 527940600,
              "status": "passed"
            },
            "line": 74,
            "name": "I should be successfully registered as a new user",
            "match": {
              "location": "web.successRegister()"
            },
            "keyword": "Then ",
            "BDD_STEP_UUID": "82d2006c-f3ea-4143-9321-097d0284ac39"
          }
        ],
        "tags": [
          {
            "name": "@tag"
          },
          {
            "name": "@tag8"
          }
        ]
      },
      {
        "BDD_TESTRUN_UUID": "d8efe7ee-aea6-4709-b993-a7261c22ad8a",
        "line": 23,
        "name": "",
        "description": "",
        "type": "background",
        "keyword": "Background",
        "steps": [
          {
            "result": {
              "duration": 2292787900,
              "status": "passed"
            },
            "line": 24,
            "name": "I am on the Alta Shop website",
            "match": {
              "location": "web.onTheWebsite()"
            },
            "keyword": "Given ",
            "BDD_STEP_UUID": "d79f25ba-3f97-49ae-ae5d-53ce04082f0b"
          }
        ]
      },
      {
        "BDD_TESTRUN_UUID": "d8efe7ee-aea6-4709-b993-a7261c22ad8a",
        "line": 77,
        "name": "Remove items from cart",
        "description": "",
        "id": "web;remove-items-from-cart",
        "type": "scenario",
        "keyword": "Scenario",
        "steps": [
          {
            "result": {
              "duration": 2798031800,
              "status": "passed"
            },
            "line": 78,
            "name": "I add items to shopping cart",
            "match": {
              "location": "web.iAddItems()"
            },
            "keyword": "When ",
            "BDD_STEP_UUID": "6df83d18-e8fe-4bfd-99d9-92d3f11b7fcd"
          },
          {
            "result": {
              "duration": 523427200,
              "status": "passed"
            },
            "line": 79,
            "name": "I open my cart",
            "match": {
              "location": "web.openMyCart()"
            },
            "keyword": "And ",
            "BDD_STEP_UUID": "d50a738a-3495-4eff-ab0f-248515394391"
          },
          {
            "result": {
              "duration": 566886200,
              "status": "passed"
            },
            "line": 80,
            "name": "I remove the product from my cart",
            "match": {
              "location": "web.removeProductFromCart()"
            },
            "keyword": "And ",
            "BDD_STEP_UUID": "db396128-e70b-4981-a17a-748166c67514"
          },
          {
            "result": {
              "duration": 461380600,
              "status": "passed"
            },
            "line": 81,
            "name": "The product should be removed from the shopping cart",
            "match": {
              "location": "web.productIsRemoved()"
            },
            "keyword": "Then ",
            "BDD_STEP_UUID": "772f59b9-ca75-47da-954b-baf30924cc83"
          }
        ],
        "tags": [
          {
            "name": "@tag"
          },
          {
            "name": "@tag9"
          }
        ]
      },
      {
        "BDD_TESTRUN_UUID": "f357adbd-48e8-4f40-acb8-0dd5689ff626",
        "line": 23,
        "name": "",
        "description": "",
        "type": "background",
        "keyword": "Background",
        "steps": [
          {
            "result": {
              "duration": 2260376400,
              "status": "passed"
            },
            "line": 24,
            "name": "I am on the Alta Shop website",
            "match": {
              "location": "web.onTheWebsite()"
            },
            "keyword": "Given ",
            "BDD_STEP_UUID": "8cdc9b7e-d230-4885-a2b6-2d1876aa2e42"
          }
        ]
      },
      {
        "BDD_TESTRUN_UUID": "f357adbd-48e8-4f40-acb8-0dd5689ff626",
        "line": 84,
        "name": "Search a product",
        "description": "",
        "id": "web;search-a-product",
        "type": "scenario",
        "keyword": "Scenario",
        "steps": [
          {
            "result": {
              "duration": 2857008400,
              "status": "passed"
            },
            "line": 85,
            "name": "I click the search box",
            "match": {
              "location": "web.iClickSearch()"
            },
            "keyword": "When ",
            "BDD_STEP_UUID": "883e5ead-8599-4858-a0a3-66f9ee231438"
          },
          {
            "result": {
              "duration": 606676800,
              "status": "passed"
            },
            "line": 86,
            "name": "I choose the selection in the dropdown",
            "match": {
              "location": "web.iChooseSearchOption()"
            },
            "keyword": "And ",
            "BDD_STEP_UUID": "9af9d65e-d71a-420e-a9fc-784db61c599f"
          },
          {
            "result": {
              "duration": 890841800,
              "status": "passed"
            },
            "line": 87,
            "name": "Search results matching the keyword should appear",
            "match": {
              "location": "web.getSearchResults()"
            },
            "keyword": "Then ",
            "BDD_STEP_UUID": "0c26f11d-f97d-4887-acf9-53e674059cc6"
          }
        ],
        "tags": [
          {
            "name": "@tag"
          },
          {
            "name": "@tag10"
          }
        ]
      },
      {
        "BDD_TESTRUN_UUID": "71939e13-8799-4879-97e6-26eb4f211600",
        "line": 23,
        "name": "",
        "description": "",
        "type": "background",
        "keyword": "Background",
        "steps": [
          {
            "result": {
              "duration": 3063760800,
              "status": "passed"
            },
            "line": 24,
            "name": "I am on the Alta Shop website",
            "match": {
              "location": "web.onTheWebsite()"
            },
            "keyword": "Given ",
            "BDD_STEP_UUID": "da13fb44-3d89-4fae-a4f1-9c95335312dc"
          }
        ]
      },
      {
        "BDD_TESTRUN_UUID": "71939e13-8799-4879-97e6-26eb4f211600",
        "line": 90,
        "name": "Update quantity of product",
        "description": "",
        "id": "web;update-quantity-of-product",
        "type": "scenario",
        "keyword": "Scenario",
        "steps": [
          {
            "result": {
              "duration": 3493221000,
              "status": "passed"
            },
            "line": 91,
            "name": "I click on the shopping cart icon to view its contents",
            "match": {
              "location": "web.iOpenMyCart()"
            },
            "keyword": "When ",
            "BDD_STEP_UUID": "56d0e43d-25f3-4f1c-abe8-7a4a5f7713ff"
          },
          {
            "result": {
              "duration": 545668100,
              "status": "passed"
            },
            "line": 92,
            "name": "I change the quantity of items for a product in the cart",
            "match": {
              "location": "web.iChangeQuantity()"
            },
            "keyword": "And ",
            "BDD_STEP_UUID": "1f28b872-895a-447b-aff1-488a764e7235"
          },
          {
            "result": {
              "duration": 560886600,
              "status": "passed"
            },
            "line": 93,
            "name": "The quantity of items in the cart should be updated correctly",
            "match": {
              "location": "web.quantityIsUpdated()"
            },
            "keyword": "Then ",
            "BDD_STEP_UUID": "95990335-cf73-4bd8-8360-d7ed92a4b2c3"
          }
        ],
        "tags": [
          {
            "name": "@tag"
          },
          {
            "name": "@tag11"
          }
        ]
      },
      {
        "BDD_TESTRUN_UUID": "fe334404-5fcb-4712-b02e-2f43f81c06f3",
        "line": 23,
        "name": "",
        "description": "",
        "type": "background",
        "keyword": "Background",
        "steps": [
          {
            "result": {
              "duration": 2333005200,
              "status": "passed"
            },
            "line": 24,
            "name": "I am on the Alta Shop website",
            "match": {
              "location": "web.onTheWebsite()"
            },
            "keyword": "Given ",
            "BDD_STEP_UUID": "93e02cef-a0a4-4c45-9505-623b2af2fbf0"
          }
        ]
      },
      {
        "BDD_TESTRUN_UUID": "fe334404-5fcb-4712-b02e-2f43f81c06f3",
        "line": 96,
        "name": "User can logout",
        "description": "",
        "id": "web;user-can-logout",
        "type": "scenario",
        "keyword": "Scenario",
        "steps": [
          {
            "result": {
              "duration": 5140869000,
              "status": "passed"
            },
            "line": 97,
            "name": "i log in to my account",
            "match": {
              "location": "web.iLogIn()"
            },
            "keyword": "When ",
            "BDD_STEP_UUID": "724d27b5-0ed2-4225-a503-0a3250ccc918"
          },
          {
            "result": {
              "duration": 3980177600,
              "status": "passed"
            },
            "line": 98,
            "name": "i click profile button",
            "match": {
              "location": "web.iClickProfile()"
            },
            "keyword": "And ",
            "BDD_STEP_UUID": "f877f0f6-2c39-4bb1-a679-30b581a5623f"
          },
          {
            "result": {
              "duration": 661427500,
              "status": "passed"
            },
            "line": 99,
            "name": "i click logout",
            "match": {
              "location": "web.iClickLogout()"
            },
            "keyword": "And ",
            "BDD_STEP_UUID": "20b84795-8880-4b9d-abfb-3a13284a4aef"
          },
          {
            "result": {
              "duration": 332468000,
              "status": "passed"
            },
            "line": 100,
            "name": "i will redirect to login page",
            "match": {
              "location": "web.redirectToLogin()"
            },
            "keyword": "Then ",
            "BDD_STEP_UUID": "ec3db7ab-60a5-4d1d-a9b0-a13d7dc38474"
          }
        ],
        "tags": [
          {
            "name": "@tag"
          },
          {
            "name": "@tag12"
          }
        ]
      },
      {
        "BDD_TESTRUN_UUID": "279a33b8-eb3d-44e1-9bb6-043a7961e1c9",
        "line": 23,
        "name": "",
        "description": "",
        "type": "background",
        "keyword": "Background",
        "steps": [
          {
            "result": {
              "duration": 2452302100,
              "status": "passed"
            },
            "line": 24,
            "name": "I am on the Alta Shop website",
            "match": {
              "location": "web.onTheWebsite()"
            },
            "keyword": "Given ",
            "BDD_STEP_UUID": "e827bf8e-a46d-48bc-952b-f3bc2dde79b9"
          }
        ]
      },
      {
        "BDD_TESTRUN_UUID": "279a33b8-eb3d-44e1-9bb6-043a7961e1c9",
        "line": 103,
        "name": "View shopping cart",
        "description": "",
        "id": "web;view-shopping-cart",
        "type": "scenario",
        "keyword": "Scenario",
        "steps": [
          {
            "result": {
              "duration": 3172622800,
              "status": "passed"
            },
            "line": 104,
            "name": "i click Beli Button to add items to cart",
            "match": {
              "location": "web.iClickBeliAndAddItems()"
            },
            "keyword": "When ",
            "BDD_STEP_UUID": "d83ce52c-1c66-47b4-9a6d-f8f370627fde"
          },
          {
            "result": {
              "duration": 479189900,
              "status": "passed"
            },
            "line": 105,
            "name": "i open my cart page",
            "match": {
              "location": "web.iOpenMyCartPage()"
            },
            "keyword": "And ",
            "BDD_STEP_UUID": "71bf079a-5dc1-4a86-a699-4534a608bb55"
          },
          {
            "result": {
              "duration": 605764500,
              "status": "passed"
            },
            "line": 106,
            "name": "i can see all my items on cart",
            "match": {
              "location": "web.iSeeAllMyItems()"
            },
            "keyword": "Then ",
            "BDD_STEP_UUID": "88065fb7-1fe3-4292-968a-c7f50a9618e1"
          }
        ],
        "tags": [
          {
            "name": "@tag"
          },
          {
            "name": "@tag13"
          }
        ]
      },
      {
        "BDD_TESTRUN_UUID": "f4ef4aeb-f577-46a7-9c51-4648204fec95",
        "line": 23,
        "name": "",
        "description": "",
        "type": "background",
        "keyword": "Background",
        "steps": [
          {
            "result": {
              "duration": 2380453100,
              "status": "passed"
            },
            "line": 24,
            "name": "I am on the Alta Shop website",
            "match": {
              "location": "web.onTheWebsite()"
            },
            "keyword": "Given ",
            "BDD_STEP_UUID": "8ff92ac5-397d-4334-a6cd-49f1b9b72ab1"
          }
        ]
      },
      {
        "BDD_TESTRUN_UUID": "f4ef4aeb-f577-46a7-9c51-4648204fec95",
        "line": 109,
        "name": "View Transaction History",
        "description": "",
        "id": "web;view-transaction-history",
        "type": "scenario",
        "keyword": "Scenario",
        "steps": [
          {
            "result": {
              "status": "undefined"
            },
            "line": 110,
            "name": "I am logged into my account",
            "match": {},
            "keyword": "When ",
            "BDD_STEP_UUID": "981d4ab5-0cf0-4d49-a649-4c2e75a6d5d8"
          },
          {
            "result": {
              "status": "skipped"
            },
            "line": 111,
            "name": "I navigate to the Transaction History",
            "match": {
              "location": "web.iClickTransaction()"
            },
            "keyword": "And ",
            "BDD_STEP_UUID": "2856652a-2355-4b5f-9d44-9fa1df7af211"
          },
          {
            "result": {
              "status": "skipped"
            },
            "line": 112,
            "name": "I should see a list of my previous transactions",
            "match": {
              "location": "web.iSeeTransactionHistory()"
            },
            "keyword": "Then ",
            "BDD_STEP_UUID": "7a0d3506-95d3-45f2-8845-20c4d168dbfc"
          }
        ],
        "tags": [
          {
            "name": "@tag"
          },
          {
            "name": "@tag14"
          }
        ]
      }
    ],
    "name": "Web",
    "description": "  I want to use this template for my feature file",
    "id": "web",
    "keyword": "Feature",
    "uri": "C:/Users/Angelin/Katalon Studio/MiniProject-Web/Include/features/web.feature",
    "tags": [
      {
        "name": "@tag",
        "type": "Tag",
        "location": {
          "line": 19,
          "column": 1
        }
      }
    ]
  }
]