[
  {
    "line": 20,
    "elements": [
      {
        "line": 23,
        "name": "",
        "description": "",
        "type": "background",
        "keyword": "Background",
        "steps": [
          {
            "result": {
              "duration": 2678336200,
              "status": "passed"
            },
            "line": 24,
            "name": "I am on the Alta Shop website",
            "match": {
              "location": "web.onTheWebsite()"
            },
            "keyword": "Given "
          }
        ]
      },
      {
        "line": 27,
        "name": "View Transaction History",
        "description": "",
        "id": "web;view-transaction-history",
        "type": "scenario",
        "keyword": "Scenario",
        "steps": [
          {
            "result": {
              "duration": 5436570600,
              "status": "passed"
            },
            "line": 28,
            "name": "I am logged into my account",
            "match": {
              "location": "web.iLoggedin3()"
            },
            "keyword": "When "
          },
          {
            "result": {
              "duration": 4743816400,
              "status": "passed"
            },
            "line": 29,
            "name": "I navigate to the Transaction History",
            "match": {
              "location": "web.iClickTransaction()"
            },
            "keyword": "And "
          },
          {
            "result": {
              "duration": 1128137600,
              "status": "passed"
            },
            "line": 30,
            "name": "I should see a list of my previous transactions",
            "match": {
              "location": "web.iSeeTransactionHistory()"
            },
            "keyword": "Then "
          }
        ],
        "tags": [
          {
            "name": "@tag"
          },
          {
            "name": "@tag1"
          }
        ]
      },
      {
        "line": 23,
        "name": "",
        "description": "",
        "type": "background",
        "keyword": "Background",
        "steps": [
          {
            "result": {
              "duration": 2430372300,
              "status": "passed"
            },
            "line": 24,
            "name": "I am on the Alta Shop website",
            "match": {
              "location": "web.onTheWebsite()"
            },
            "keyword": "Given "
          }
        ]
      },
      {
        "line": 33,
        "name": "View product details",
        "description": "",
        "id": "web;view-product-details",
        "type": "scenario",
        "keyword": "Scenario",
        "steps": [
          {
            "result": {
              "duration": 2974231600,
              "status": "passed"
            },
            "line": 34,
            "name": "I click on the product to view its details",
            "match": {
              "location": "web.iSelectProductDetail()"
            },
            "keyword": "When "
          },
          {
            "result": {
              "duration": 946010300,
              "status": "passed"
            },
            "line": 35,
            "name": "The product detail page should open with accurate product information",
            "match": {
              "location": "web.viewDetailProduct()"
            },
            "keyword": "Then "
          }
        ],
        "tags": [
          {
            "name": "@tag"
          },
          {
            "name": "@tag2"
          }
        ]
      },
      {
        "line": 23,
        "name": "",
        "description": "",
        "type": "background",
        "keyword": "Background",
        "steps": [
          {
            "result": {
              "duration": 2412465000,
              "status": "passed"
            },
            "line": 24,
            "name": "I am on the Alta Shop website",
            "match": {
              "location": "web.onTheWebsite()"
            },
            "keyword": "Given "
          }
        ]
      },
      {
        "line": 38,
        "name": "Checkout items on cart",
        "description": "",
        "id": "web;checkout-items-on-cart",
        "type": "scenario",
        "keyword": "Scenario",
        "steps": [
          {
            "result": {
              "duration": 4999037400,
              "status": "passed"
            },
            "line": 39,
            "name": "I login to my account",
            "match": {
              "location": "web.iLogin()"
            },
            "keyword": "When "
          },
          {
            "result": {
              "duration": 4210347300,
              "status": "passed"
            },
            "line": 40,
            "name": "I click on the product Beli button to add to cart",
            "match": {
              "location": "web.iClickBeli()"
            },
            "keyword": "And "
          },
          {
            "result": {
              "duration": 1040314300,
              "status": "passed"
            },
            "line": 41,
            "name": "I click the Checkout button",
            "match": {
              "location": "web.iClickCheckout()"
            },
            "keyword": "And "
          },
          {
            "result": {
              "duration": 794710700,
              "status": "passed"
            },
            "line": 42,
            "name": "I should get success notification",
            "match": {
              "location": "web.getSuccessCheckoutNotif()"
            },
            "keyword": "Then "
          }
        ],
        "tags": [
          {
            "name": "@tag"
          },
          {
            "name": "@tag3"
          }
        ]
      },
      {
        "line": 23,
        "name": "",
        "description": "",
        "type": "background",
        "keyword": "Background",
        "steps": [
          {
            "result": {
              "duration": 2313763900,
              "status": "passed"
            },
            "line": 24,
            "name": "I am on the Alta Shop website",
            "match": {
              "location": "web.onTheWebsite()"
            },
            "keyword": "Given "
          }
        ]
      },
      {
        "line": 45,
        "name": "Checkout items on cart without login",
        "description": "",
        "id": "web;checkout-items-on-cart-without-login",
        "type": "scenario",
        "keyword": "Scenario",
        "steps": [
          {
            "result": {
              "duration": 2773743100,
              "status": "passed"
            },
            "line": 46,
            "name": "I add a product to the shopping cart",
            "match": {
              "location": "web.iAddProduct()"
            },
            "keyword": "When "
          },
          {
            "result": {
              "duration": 1098464200,
              "status": "passed"
            },
            "line": 47,
            "name": "I proceed to checkout",
            "match": {
              "location": "web.iCheckout()"
            },
            "keyword": "And "
          },
          {
            "result": {
              "duration": 455973000,
              "status": "passed"
            },
            "line": 48,
            "name": "I should be prompted to log in or continue as a guest",
            "match": {
              "location": "web.iRediresctToLogin()"
            },
            "keyword": "Then "
          }
        ],
        "tags": [
          {
            "name": "@tag"
          },
          {
            "name": "@tag4"
          }
        ]
      },
      {
        "line": 23,
        "name": "",
        "description": "",
        "type": "background",
        "keyword": "Background",
        "steps": [
          {
            "result": {
              "duration": 2320668600,
              "status": "passed"
            },
            "line": 24,
            "name": "I am on the Alta Shop website",
            "match": {
              "location": "web.onTheWebsite()"
            },
            "keyword": "Given "
          }
        ]
      },
      {
        "line": 51,
        "name": "Invalid login",
        "description": "",
        "id": "web;invalid-login",
        "type": "scenario",
        "keyword": "Scenario",
        "steps": [
          {
            "result": {
              "duration": 2725434400,
              "status": "passed"
            },
            "line": 52,
            "name": "I click the Login button",
            "match": {
              "location": "web.iClickLogin()"
            },
            "keyword": "When "
          },
          {
            "result": {
              "duration": 2061401000,
              "status": "passed"
            },
            "line": 53,
            "name": "I enter invalid login credentials",
            "match": {
              "location": "web.iEnterInvalidLoginCredentials()"
            },
            "keyword": "And "
          },
          {
            "result": {
              "duration": 361026400,
              "status": "passed"
            },
            "line": 54,
            "name": "I click the Login button to login",
            "match": {
              "location": "web.iClickLoginToLogin()"
            },
            "keyword": "And "
          },
          {
            "result": {
              "duration": 1103078700,
              "status": "passed"
            },
            "line": 55,
            "name": "I should receive an error message indicating invalid credentials",
            "match": {
              "location": "web.iGetErrorLoginMessage()"
            },
            "keyword": "Then "
          }
        ],
        "tags": [
          {
            "name": "@tag"
          },
          {
            "name": "@tag5"
          }
        ]
      },
      {
        "line": 23,
        "name": "",
        "description": "",
        "type": "background",
        "keyword": "Background",
        "steps": [
          {
            "result": {
              "duration": 3290023700,
              "status": "passed"
            },
            "line": 24,
            "name": "I am on the Alta Shop website",
            "match": {
              "location": "web.onTheWebsite()"
            },
            "keyword": "Given "
          }
        ]
      },
      {
        "line": 58,
        "name": "Valid Login",
        "description": "",
        "id": "web;valid-login",
        "type": "scenario",
        "keyword": "Scenario",
        "steps": [
          {
            "result": {
              "duration": 2655502700,
              "status": "passed"
            },
            "line": 59,
            "name": "I tap the Login button",
            "match": {
              "location": "web.iClickLogin2()"
            },
            "keyword": "When "
          },
          {
            "result": {
              "duration": 2036938900,
              "status": "passed"
            },
            "line": 60,
            "name": "I enter valid login credentials",
            "match": {
              "location": "web.iEnterValidLoginCredentials()"
            },
            "keyword": "And "
          },
          {
            "result": {
              "duration": 350285500,
              "status": "passed"
            },
            "line": 61,
            "name": "I tap the Login button to login to my account",
            "match": {
              "location": "web.iClickLoginToLogin2()"
            },
            "keyword": "And "
          },
          {
            "result": {
              "duration": 3677292700,
              "status": "passed"
            },
            "line": 62,
            "name": "I should successfully log into my account",
            "match": {
              "location": "web.iSuccesfullyLoginToMyAccount()"
            },
            "keyword": "Then "
          }
        ],
        "tags": [
          {
            "name": "@tag"
          },
          {
            "name": "@tag6"
          }
        ]
      },
      {
        "line": 23,
        "name": "",
        "description": "",
        "type": "background",
        "keyword": "Background",
        "steps": [
          {
            "result": {
              "duration": 2433927000,
              "status": "passed"
            },
            "line": 24,
            "name": "I am on the Alta Shop website",
            "match": {
              "location": "web.onTheWebsite()"
            },
            "keyword": "Given "
          }
        ]
      },
      {
        "line": 65,
        "name": "Invalid Register",
        "description": "",
        "id": "web;invalid-register",
        "type": "scenario",
        "keyword": "Scenario",
        "steps": [
          {
            "result": {
              "duration": 3807370400,
              "status": "passed"
            },
            "line": 66,
            "name": "I navigate to the registration page",
            "match": {
              "location": "web.iNavigateRegister()"
            },
            "keyword": "When "
          },
          {
            "result": {
              "duration": 2508730700,
              "status": "passed"
            },
            "line": 67,
            "name": "I submit the registration form without filling in any fields",
            "match": {
              "location": "web.iSubmitEmptyRegistrationForm()"
            },
            "keyword": "And "
          },
          {
            "result": {
              "duration": 562315700,
              "status": "passed"
            },
            "line": 68,
            "name": "I should see validation errors indicating that all fields are required",
            "match": {
              "location": "web.iGetErrorRegisterMessage()"
            },
            "keyword": "Then "
          }
        ],
        "tags": [
          {
            "name": "@tag"
          },
          {
            "name": "@tag7"
          }
        ]
      },
      {
        "line": 23,
        "name": "",
        "description": "",
        "type": "background",
        "keyword": "Background",
        "steps": [
          {
            "result": {
              "duration": 2351892100,
              "status": "passed"
            },
            "line": 24,
            "name": "I am on the Alta Shop website",
            "match": {
              "location": "web.onTheWebsite()"
            },
            "keyword": "Given "
          }
        ]
      },
      {
        "line": 71,
        "name": "Valid Register",
        "description": "",
        "id": "web;valid-register",
        "type": "scenario",
        "keyword": "Scenario",
        "steps": [
          {
            "result": {
              "duration": 3951694000,
              "status": "passed"
            },
            "line": 72,
            "name": "I click the Register button",
            "match": {
              "location": "web.iClickTheRegisterButton()"
            },
            "keyword": "When "
          },
          {
            "result": {
              "duration": 2228624000,
              "status": "passed"
            },
            "line": 73,
            "name": "I fill in the required registration details",
            "match": {
              "location": "web.iFillValidRgister()"
            },
            "keyword": "And "
          },
          {
            "result": {
              "duration": 345021000,
              "status": "passed"
            },
            "line": 74,
            "name": "I click the Register button2",
            "match": {
              "location": "web.iClickRegis2()"
            },
            "keyword": "And "
          },
          {
            "result": {
              "duration": 544437400,
              "status": "passed"
            },
            "line": 75,
            "name": "I should be successfully registered as a new user",
            "match": {
              "location": "web.successRegister()"
            },
            "keyword": "Then "
          }
        ],
        "tags": [
          {
            "name": "@tag"
          },
          {
            "name": "@tag8"
          }
        ]
      },
      {
        "line": 23,
        "name": "",
        "description": "",
        "type": "background",
        "keyword": "Background",
        "steps": [
          {
            "result": {
              "duration": 3207857100,
              "status": "passed"
            },
            "line": 24,
            "name": "I am on the Alta Shop website",
            "match": {
              "location": "web.onTheWebsite()"
            },
            "keyword": "Given "
          }
        ]
      },
      {
        "line": 78,
        "name": "Remove items from cart",
        "description": "",
        "id": "web;remove-items-from-cart",
        "type": "scenario",
        "keyword": "Scenario",
        "steps": [
          {
            "result": {
              "duration": 2634288900,
              "status": "passed"
            },
            "line": 79,
            "name": "I add items to shopping cart",
            "match": {
              "location": "web.iAddItems()"
            },
            "keyword": "When "
          },
          {
            "result": {
              "duration": 474983100,
              "status": "passed"
            },
            "line": 80,
            "name": "I open my cart",
            "match": {
              "location": "web.openMyCart()"
            },
            "keyword": "And "
          },
          {
            "result": {
              "duration": 621448200,
              "status": "passed"
            },
            "line": 81,
            "name": "I remove the product from my cart",
            "match": {
              "location": "web.removeProductFromCart()"
            },
            "keyword": "And "
          },
          {
            "result": {
              "duration": 538973100,
              "status": "passed"
            },
            "line": 82,
            "name": "The product should be removed from the shopping cart",
            "match": {
              "location": "web.productIsRemoved()"
            },
            "keyword": "Then "
          }
        ],
        "tags": [
          {
            "name": "@tag"
          },
          {
            "name": "@tag9"
          }
        ]
      },
      {
        "line": 23,
        "name": "",
        "description": "",
        "type": "background",
        "keyword": "Background",
        "steps": [
          {
            "result": {
              "duration": 2265365000,
              "status": "passed"
            },
            "line": 24,
            "name": "I am on the Alta Shop website",
            "match": {
              "location": "web.onTheWebsite()"
            },
            "keyword": "Given "
          }
        ]
      },
      {
        "line": 85,
        "name": "Search a product",
        "description": "",
        "id": "web;search-a-product",
        "type": "scenario",
        "keyword": "Scenario",
        "steps": [
          {
            "result": {
              "duration": 2887877600,
              "status": "passed"
            },
            "line": 86,
            "name": "I click the search box",
            "match": {
              "location": "web.iClickSearch()"
            },
            "keyword": "When "
          },
          {
            "result": {
              "duration": 687644300,
              "status": "passed"
            },
            "line": 87,
            "name": "I choose the selection in the dropdown",
            "match": {
              "location": "web.iChooseSearchOption()"
            },
            "keyword": "And "
          },
          {
            "result": {
              "duration": 832383500,
              "status": "passed"
            },
            "line": 88,
            "name": "Search results matching the keyword should appear",
            "match": {
              "location": "web.getSearchResults()"
            },
            "keyword": "Then "
          }
        ],
        "tags": [
          {
            "name": "@tag"
          },
          {
            "name": "@tag10"
          }
        ]
      },
      {
        "line": 23,
        "name": "",
        "description": "",
        "type": "background",
        "keyword": "Background",
        "steps": [
          {
            "result": {
              "duration": 2321596600,
              "status": "passed"
            },
            "line": 24,
            "name": "I am on the Alta Shop website",
            "match": {
              "location": "web.onTheWebsite()"
            },
            "keyword": "Given "
          }
        ]
      },
      {
        "line": 91,
        "name": "Update quantity of product",
        "description": "",
        "id": "web;update-quantity-of-product",
        "type": "scenario",
        "keyword": "Scenario",
        "steps": [
          {
            "result": {
              "duration": 3635634800,
              "status": "passed"
            },
            "line": 92,
            "name": "I click on the shopping cart icon to view its contents",
            "match": {
              "location": "web.iOpenMyCart()"
            },
            "keyword": "When "
          },
          {
            "result": {
              "duration": 598013200,
              "status": "passed"
            },
            "line": 93,
            "name": "I change the quantity of items for a product in the cart",
            "match": {
              "location": "web.iChangeQuantity()"
            },
            "keyword": "And "
          },
          {
            "result": {
              "duration": 540226600,
              "status": "passed"
            },
            "line": 94,
            "name": "The quantity of items in the cart should be updated correctly",
            "match": {
              "location": "web.quantityIsUpdated()"
            },
            "keyword": "Then "
          }
        ],
        "tags": [
          {
            "name": "@tag"
          },
          {
            "name": "@tag11"
          }
        ]
      },
      {
        "line": 23,
        "name": "",
        "description": "",
        "type": "background",
        "keyword": "Background",
        "steps": [
          {
            "result": {
              "duration": 2695062200,
              "status": "passed"
            },
            "line": 24,
            "name": "I am on the Alta Shop website",
            "match": {
              "location": "web.onTheWebsite()"
            },
            "keyword": "Given "
          }
        ]
      },
      {
        "line": 97,
        "name": "User can logout",
        "description": "",
        "id": "web;user-can-logout",
        "type": "scenario",
        "keyword": "Scenario",
        "steps": [
          {
            "result": {
              "duration": 5409727100,
              "status": "passed"
            },
            "line": 98,
            "name": "i log in to my account",
            "match": {
              "location": "web.iLogIn()"
            },
            "keyword": "When "
          },
          {
            "result": {
              "duration": 4165150700,
              "status": "passed"
            },
            "line": 99,
            "name": "i click profile button",
            "match": {
              "location": "web.iClickProfile()"
            },
            "keyword": "And "
          },
          {
            "result": {
              "duration": 698100800,
              "status": "passed"
            },
            "line": 100,
            "name": "i click logout",
            "match": {
              "location": "web.iClickLogout()"
            },
            "keyword": "And "
          },
          {
            "result": {
              "duration": 319284900,
              "status": "passed"
            },
            "line": 101,
            "name": "i will redirect to login page",
            "match": {
              "location": "web.redirectToLogin()"
            },
            "keyword": "Then "
          }
        ],
        "tags": [
          {
            "name": "@tag"
          },
          {
            "name": "@tag12"
          }
        ]
      },
      {
        "line": 23,
        "name": "",
        "description": "",
        "type": "background",
        "keyword": "Background",
        "steps": [
          {
            "result": {
              "duration": 2441781200,
              "status": "passed"
            },
            "line": 24,
            "name": "I am on the Alta Shop website",
            "match": {
              "location": "web.onTheWebsite()"
            },
            "keyword": "Given "
          }
        ]
      },
      {
        "line": 104,
        "name": "View shopping cart",
        "description": "",
        "id": "web;view-shopping-cart",
        "type": "scenario",
        "keyword": "Scenario",
        "steps": [
          {
            "result": {
              "duration": 3232047600,
              "status": "passed"
            },
            "line": 105,
            "name": "i click Beli Button to add items to cart",
            "match": {
              "location": "web.iClickBeliAndAddItems()"
            },
            "keyword": "When "
          },
          {
            "result": {
              "duration": 450910200,
              "status": "passed"
            },
            "line": 106,
            "name": "i open my cart page",
            "match": {
              "location": "web.iOpenMyCartPage()"
            },
            "keyword": "And "
          },
          {
            "result": {
              "duration": 514334400,
              "status": "passed"
            },
            "line": 107,
            "name": "i can see all my items on cart",
            "match": {
              "location": "web.iSeeAllMyItems()"
            },
            "keyword": "Then "
          }
        ],
        "tags": [
          {
            "name": "@tag"
          },
          {
            "name": "@tag13"
          }
        ]
      },
      {
        "line": 23,
        "name": "",
        "description": "",
        "type": "background",
        "keyword": "Background",
        "steps": [
          {
            "result": {
              "duration": 2506334600,
              "status": "passed"
            },
            "line": 24,
            "name": "I am on the Alta Shop website",
            "match": {
              "location": "web.onTheWebsite()"
            },
            "keyword": "Given "
          }
        ]
      },
      {
        "line": 110,
        "name": "Add to cart",
        "description": "",
        "id": "web;add-to-cart",
        "type": "scenario",
        "keyword": "Scenario",
        "steps": [
          {
            "result": {
              "duration": 2978509800,
              "status": "passed"
            },
            "line": 111,
            "name": "I click the Beli button",
            "match": {
              "location": "web.iSelectProduct()"
            },
            "keyword": "When "
          },
          {
            "result": {
              "duration": 449327800,
              "status": "passed"
            },
            "line": 112,
            "name": "The product should be successfully added to my shopping cart",
            "match": {
              "location": "web.addProductTo()"
            },
            "keyword": "Then "
          }
        ],
        "tags": [
          {
            "name": "@tag"
          },
          {
            "name": "@tag14"
          }
        ]
      }
    ],
    "name": "Web",
    "description": "  I want to use this template for my feature file",
    "id": "web",
    "keyword": "Feature",
    "uri": "C:/Users/Angelin/Katalon Studio/MiniProject-Web/Include/features/web.feature",
    "tags": [
      {
        "name": "@tag",
        "type": "Tag",
        "location": {
          "line": 19,
          "column": 1
        }
      }
    ]
  }
]