[
  {
    "line": 20,
    "elements": [
      {
        "BDD_TESTRUN_UUID": "3b14c87d-fd27-4531-bda5-806a964774d6",
        "line": 23,
        "name": "",
        "description": "",
        "type": "background",
        "keyword": "Background",
        "steps": [
          {
            "result": {
              "duration": 2678336200,
              "status": "passed"
            },
            "line": 24,
            "name": "I am on the Alta Shop website",
            "match": {
              "location": "web.onTheWebsite()"
            },
            "keyword": "Given ",
            "BDD_STEP_UUID": "d9908da8-a854-4d71-a567-7fbce10c0cd5"
          }
        ]
      },
      {
        "BDD_TESTRUN_UUID": "3b14c87d-fd27-4531-bda5-806a964774d6",
        "line": 27,
        "name": "View Transaction History",
        "description": "",
        "id": "web;view-transaction-history",
        "type": "scenario",
        "keyword": "Scenario",
        "steps": [
          {
            "result": {
              "duration": 5436570600,
              "status": "passed"
            },
            "line": 28,
            "name": "I am logged into my account",
            "match": {
              "location": "web.iLoggedin3()"
            },
            "keyword": "When ",
            "BDD_STEP_UUID": "79f75d66-d056-44a5-8c1f-ff3e9f404291"
          },
          {
            "result": {
              "duration": 4743816400,
              "status": "passed"
            },
            "line": 29,
            "name": "I navigate to the Transaction History",
            "match": {
              "location": "web.iClickTransaction()"
            },
            "keyword": "And ",
            "BDD_STEP_UUID": "3af1b913-4a9b-4ae6-abe7-5d929a8eaf53"
          },
          {
            "result": {
              "duration": 1128137600,
              "status": "passed"
            },
            "line": 30,
            "name": "I should see a list of my previous transactions",
            "match": {
              "location": "web.iSeeTransactionHistory()"
            },
            "keyword": "Then ",
            "BDD_STEP_UUID": "959e81da-9577-4b61-a93e-a7e776a7026e"
          }
        ],
        "tags": [
          {
            "name": "@tag"
          },
          {
            "name": "@tag1"
          }
        ]
      },
      {
        "BDD_TESTRUN_UUID": "abb2f4b9-47c4-484f-a20a-8895ade9076a",
        "line": 23,
        "name": "",
        "description": "",
        "type": "background",
        "keyword": "Background",
        "steps": [
          {
            "result": {
              "duration": 2430372300,
              "status": "passed"
            },
            "line": 24,
            "name": "I am on the Alta Shop website",
            "match": {
              "location": "web.onTheWebsite()"
            },
            "keyword": "Given ",
            "BDD_STEP_UUID": "b9f27244-bd20-421b-9094-36d4225e238a"
          }
        ]
      },
      {
        "BDD_TESTRUN_UUID": "abb2f4b9-47c4-484f-a20a-8895ade9076a",
        "line": 33,
        "name": "View product details",
        "description": "",
        "id": "web;view-product-details",
        "type": "scenario",
        "keyword": "Scenario",
        "steps": [
          {
            "result": {
              "duration": 2974231600,
              "status": "passed"
            },
            "line": 34,
            "name": "I click on the product to view its details",
            "match": {
              "location": "web.iSelectProductDetail()"
            },
            "keyword": "When ",
            "BDD_STEP_UUID": "ed6d3ae8-a6fe-4870-88b6-8922b440a67b"
          },
          {
            "result": {
              "duration": 946010300,
              "status": "passed"
            },
            "line": 35,
            "name": "The product detail page should open with accurate product information",
            "match": {
              "location": "web.viewDetailProduct()"
            },
            "keyword": "Then ",
            "BDD_STEP_UUID": "9665dac1-6b31-4564-82a7-74b4568ebc0e"
          }
        ],
        "tags": [
          {
            "name": "@tag"
          },
          {
            "name": "@tag2"
          }
        ]
      },
      {
        "BDD_TESTRUN_UUID": "27a5c0d9-2f42-4354-b533-5ed13a0e1809",
        "line": 23,
        "name": "",
        "description": "",
        "type": "background",
        "keyword": "Background",
        "steps": [
          {
            "result": {
              "duration": 2412465000,
              "status": "passed"
            },
            "line": 24,
            "name": "I am on the Alta Shop website",
            "match": {
              "location": "web.onTheWebsite()"
            },
            "keyword": "Given ",
            "BDD_STEP_UUID": "68b62242-a35f-4629-92d6-c7a6c6041ff5"
          }
        ]
      },
      {
        "BDD_TESTRUN_UUID": "27a5c0d9-2f42-4354-b533-5ed13a0e1809",
        "line": 38,
        "name": "Checkout items on cart",
        "description": "",
        "id": "web;checkout-items-on-cart",
        "type": "scenario",
        "keyword": "Scenario",
        "steps": [
          {
            "result": {
              "duration": 4999037400,
              "status": "passed"
            },
            "line": 39,
            "name": "I login to my account",
            "match": {
              "location": "web.iLogin()"
            },
            "keyword": "When ",
            "BDD_STEP_UUID": "51c15065-d884-49de-9920-3174161d6324"
          },
          {
            "result": {
              "duration": 4210347300,
              "status": "passed"
            },
            "line": 40,
            "name": "I click on the product Beli button to add to cart",
            "match": {
              "location": "web.iClickBeli()"
            },
            "keyword": "And ",
            "BDD_STEP_UUID": "fd4291be-f5ac-4e8a-a08e-c8071782238f"
          },
          {
            "result": {
              "duration": 1040314300,
              "status": "passed"
            },
            "line": 41,
            "name": "I click the Checkout button",
            "match": {
              "location": "web.iClickCheckout()"
            },
            "keyword": "And ",
            "BDD_STEP_UUID": "a3deb58b-46ec-4702-bc11-c4c9eb277883"
          },
          {
            "result": {
              "duration": 794710700,
              "status": "passed"
            },
            "line": 42,
            "name": "I should get success notification",
            "match": {
              "location": "web.getSuccessCheckoutNotif()"
            },
            "keyword": "Then ",
            "BDD_STEP_UUID": "acfa3020-811c-460b-9a46-146bf63ece31"
          }
        ],
        "tags": [
          {
            "name": "@tag"
          },
          {
            "name": "@tag3"
          }
        ]
      },
      {
        "BDD_TESTRUN_UUID": "fbf73577-3756-419c-9dd9-aa328cd5771e",
        "line": 23,
        "name": "",
        "description": "",
        "type": "background",
        "keyword": "Background",
        "steps": [
          {
            "result": {
              "duration": 2313763900,
              "status": "passed"
            },
            "line": 24,
            "name": "I am on the Alta Shop website",
            "match": {
              "location": "web.onTheWebsite()"
            },
            "keyword": "Given ",
            "BDD_STEP_UUID": "fadb8140-0815-440b-89f3-47207d3aa744"
          }
        ]
      },
      {
        "BDD_TESTRUN_UUID": "fbf73577-3756-419c-9dd9-aa328cd5771e",
        "line": 45,
        "name": "Checkout items on cart without login",
        "description": "",
        "id": "web;checkout-items-on-cart-without-login",
        "type": "scenario",
        "keyword": "Scenario",
        "steps": [
          {
            "result": {
              "duration": 2773743100,
              "status": "passed"
            },
            "line": 46,
            "name": "I add a product to the shopping cart",
            "match": {
              "location": "web.iAddProduct()"
            },
            "keyword": "When ",
            "BDD_STEP_UUID": "f51067de-f8eb-4e0e-b635-fa4728d6b917"
          },
          {
            "result": {
              "duration": 1098464200,
              "status": "passed"
            },
            "line": 47,
            "name": "I proceed to checkout",
            "match": {
              "location": "web.iCheckout()"
            },
            "keyword": "And ",
            "BDD_STEP_UUID": "df6ed44f-ca7c-46a4-88e6-6322970f6519"
          },
          {
            "result": {
              "duration": 455973000,
              "status": "passed"
            },
            "line": 48,
            "name": "I should be prompted to log in or continue as a guest",
            "match": {
              "location": "web.iRediresctToLogin()"
            },
            "keyword": "Then ",
            "BDD_STEP_UUID": "e0a55d9e-f172-4096-8b83-f3f266b6e8aa"
          }
        ],
        "tags": [
          {
            "name": "@tag"
          },
          {
            "name": "@tag4"
          }
        ]
      },
      {
        "BDD_TESTRUN_UUID": "506669e0-db89-4bdc-a545-0f6343e22405",
        "line": 23,
        "name": "",
        "description": "",
        "type": "background",
        "keyword": "Background",
        "steps": [
          {
            "result": {
              "duration": 2320668600,
              "status": "passed"
            },
            "line": 24,
            "name": "I am on the Alta Shop website",
            "match": {
              "location": "web.onTheWebsite()"
            },
            "keyword": "Given ",
            "BDD_STEP_UUID": "d8fc7d7e-26f6-40eb-929b-ad52157fce8a"
          }
        ]
      },
      {
        "BDD_TESTRUN_UUID": "506669e0-db89-4bdc-a545-0f6343e22405",
        "line": 51,
        "name": "Invalid login",
        "description": "",
        "id": "web;invalid-login",
        "type": "scenario",
        "keyword": "Scenario",
        "steps": [
          {
            "result": {
              "duration": 2725434400,
              "status": "passed"
            },
            "line": 52,
            "name": "I click the Login button",
            "match": {
              "location": "web.iClickLogin()"
            },
            "keyword": "When ",
            "BDD_STEP_UUID": "38d51ec6-1a12-4940-98e6-4cd426e24cdb"
          },
          {
            "result": {
              "duration": 2061401000,
              "status": "passed"
            },
            "line": 53,
            "name": "I enter invalid login credentials",
            "match": {
              "location": "web.iEnterInvalidLoginCredentials()"
            },
            "keyword": "And ",
            "BDD_STEP_UUID": "0d20e479-e966-4ac7-9321-388179cad237"
          },
          {
            "result": {
              "duration": 361026400,
              "status": "passed"
            },
            "line": 54,
            "name": "I click the Login button to login",
            "match": {
              "location": "web.iClickLoginToLogin()"
            },
            "keyword": "And ",
            "BDD_STEP_UUID": "d1cb9d55-c870-4cfa-8fac-880b0da93257"
          },
          {
            "result": {
              "duration": 1103078700,
              "status": "passed"
            },
            "line": 55,
            "name": "I should receive an error message indicating invalid credentials",
            "match": {
              "location": "web.iGetErrorLoginMessage()"
            },
            "keyword": "Then ",
            "BDD_STEP_UUID": "52903ebd-d5b1-433a-849b-f1f7f217ab1f"
          }
        ],
        "tags": [
          {
            "name": "@tag"
          },
          {
            "name": "@tag5"
          }
        ]
      },
      {
        "BDD_TESTRUN_UUID": "4a78bdc9-cdfb-4fc3-b659-21e5a019be30",
        "line": 23,
        "name": "",
        "description": "",
        "type": "background",
        "keyword": "Background",
        "steps": [
          {
            "result": {
              "duration": 3290023700,
              "status": "passed"
            },
            "line": 24,
            "name": "I am on the Alta Shop website",
            "match": {
              "location": "web.onTheWebsite()"
            },
            "keyword": "Given ",
            "BDD_STEP_UUID": "870307c3-6c63-4598-afc3-cf1624a12c20"
          }
        ]
      },
      {
        "BDD_TESTRUN_UUID": "4a78bdc9-cdfb-4fc3-b659-21e5a019be30",
        "line": 58,
        "name": "Valid Login",
        "description": "",
        "id": "web;valid-login",
        "type": "scenario",
        "keyword": "Scenario",
        "steps": [
          {
            "result": {
              "duration": 2655502700,
              "status": "passed"
            },
            "line": 59,
            "name": "I tap the Login button",
            "match": {
              "location": "web.iClickLogin2()"
            },
            "keyword": "When ",
            "BDD_STEP_UUID": "1065a235-7500-4c60-96f8-e9cbe8d47134"
          },
          {
            "result": {
              "duration": 2036938900,
              "status": "passed"
            },
            "line": 60,
            "name": "I enter valid login credentials",
            "match": {
              "location": "web.iEnterValidLoginCredentials()"
            },
            "keyword": "And ",
            "BDD_STEP_UUID": "afa5cb87-9cf0-4422-b58d-37046465c0df"
          },
          {
            "result": {
              "duration": 350285500,
              "status": "passed"
            },
            "line": 61,
            "name": "I tap the Login button to login to my account",
            "match": {
              "location": "web.iClickLoginToLogin2()"
            },
            "keyword": "And ",
            "BDD_STEP_UUID": "e9aafe26-c09e-41fd-9600-8c1f983a0106"
          },
          {
            "result": {
              "duration": 3677292700,
              "status": "passed"
            },
            "line": 62,
            "name": "I should successfully log into my account",
            "match": {
              "location": "web.iSuccesfullyLoginToMyAccount()"
            },
            "keyword": "Then ",
            "BDD_STEP_UUID": "63e2097f-0a54-45d5-8157-8f98b05e3831"
          }
        ],
        "tags": [
          {
            "name": "@tag"
          },
          {
            "name": "@tag6"
          }
        ]
      },
      {
        "BDD_TESTRUN_UUID": "993539b1-269a-4a3f-a77b-15b461b85832",
        "line": 23,
        "name": "",
        "description": "",
        "type": "background",
        "keyword": "Background",
        "steps": [
          {
            "result": {
              "duration": 2433927000,
              "status": "passed"
            },
            "line": 24,
            "name": "I am on the Alta Shop website",
            "match": {
              "location": "web.onTheWebsite()"
            },
            "keyword": "Given ",
            "BDD_STEP_UUID": "d4043f3b-e782-450d-9cf2-bc1633ff5041"
          }
        ]
      },
      {
        "BDD_TESTRUN_UUID": "993539b1-269a-4a3f-a77b-15b461b85832",
        "line": 65,
        "name": "Invalid Register",
        "description": "",
        "id": "web;invalid-register",
        "type": "scenario",
        "keyword": "Scenario",
        "steps": [
          {
            "result": {
              "duration": 3807370400,
              "status": "passed"
            },
            "line": 66,
            "name": "I navigate to the registration page",
            "match": {
              "location": "web.iNavigateRegister()"
            },
            "keyword": "When ",
            "BDD_STEP_UUID": "f64e09a1-e8d7-4249-82b4-472984f8fe82"
          },
          {
            "result": {
              "duration": 2508730700,
              "status": "passed"
            },
            "line": 67,
            "name": "I submit the registration form without filling in any fields",
            "match": {
              "location": "web.iSubmitEmptyRegistrationForm()"
            },
            "keyword": "And ",
            "BDD_STEP_UUID": "bb44bedb-e4c6-4527-82e1-f5f5ec9aef1e"
          },
          {
            "result": {
              "duration": 562315700,
              "status": "passed"
            },
            "line": 68,
            "name": "I should see validation errors indicating that all fields are required",
            "match": {
              "location": "web.iGetErrorRegisterMessage()"
            },
            "keyword": "Then ",
            "BDD_STEP_UUID": "badd8a5b-6ea2-4caa-8960-2f4e4dff303f"
          }
        ],
        "tags": [
          {
            "name": "@tag"
          },
          {
            "name": "@tag7"
          }
        ]
      },
      {
        "BDD_TESTRUN_UUID": "6537c372-9691-4c67-9f86-ccba5d6dd750",
        "line": 23,
        "name": "",
        "description": "",
        "type": "background",
        "keyword": "Background",
        "steps": [
          {
            "result": {
              "duration": 2351892100,
              "status": "passed"
            },
            "line": 24,
            "name": "I am on the Alta Shop website",
            "match": {
              "location": "web.onTheWebsite()"
            },
            "keyword": "Given ",
            "BDD_STEP_UUID": "e67ddcb2-fd11-459a-b43e-0c17f130c156"
          }
        ]
      },
      {
        "BDD_TESTRUN_UUID": "6537c372-9691-4c67-9f86-ccba5d6dd750",
        "line": 71,
        "name": "Valid Register",
        "description": "",
        "id": "web;valid-register",
        "type": "scenario",
        "keyword": "Scenario",
        "steps": [
          {
            "result": {
              "duration": 3951694000,
              "status": "passed"
            },
            "line": 72,
            "name": "I click the Register button",
            "match": {
              "location": "web.iClickTheRegisterButton()"
            },
            "keyword": "When ",
            "BDD_STEP_UUID": "02e65261-eb03-48a7-baa1-f66e85fc02ad"
          },
          {
            "result": {
              "duration": 2228624000,
              "status": "passed"
            },
            "line": 73,
            "name": "I fill in the required registration details",
            "match": {
              "location": "web.iFillValidRgister()"
            },
            "keyword": "And ",
            "BDD_STEP_UUID": "9c1d5b44-f3e5-45f0-8f00-780f514fcd1f"
          },
          {
            "result": {
              "duration": 345021000,
              "status": "passed"
            },
            "line": 74,
            "name": "I click the Register button2",
            "match": {
              "location": "web.iClickRegis2()"
            },
            "keyword": "And ",
            "BDD_STEP_UUID": "d76f4d2b-a393-4ee8-b7b4-2b5310ed2724"
          },
          {
            "result": {
              "duration": 544437400,
              "status": "passed"
            },
            "line": 75,
            "name": "I should be successfully registered as a new user",
            "match": {
              "location": "web.successRegister()"
            },
            "keyword": "Then ",
            "BDD_STEP_UUID": "a4e29070-3d15-4d62-8dfa-b1aec676eab0"
          }
        ],
        "tags": [
          {
            "name": "@tag"
          },
          {
            "name": "@tag8"
          }
        ]
      },
      {
        "BDD_TESTRUN_UUID": "337713a2-713e-4520-b8b8-9c094bced883",
        "line": 23,
        "name": "",
        "description": "",
        "type": "background",
        "keyword": "Background",
        "steps": [
          {
            "result": {
              "duration": 3207857100,
              "status": "passed"
            },
            "line": 24,
            "name": "I am on the Alta Shop website",
            "match": {
              "location": "web.onTheWebsite()"
            },
            "keyword": "Given ",
            "BDD_STEP_UUID": "d54cb199-93d8-4d11-b176-e8929822d48a"
          }
        ]
      },
      {
        "BDD_TESTRUN_UUID": "337713a2-713e-4520-b8b8-9c094bced883",
        "line": 78,
        "name": "Remove items from cart",
        "description": "",
        "id": "web;remove-items-from-cart",
        "type": "scenario",
        "keyword": "Scenario",
        "steps": [
          {
            "result": {
              "duration": 2634288900,
              "status": "passed"
            },
            "line": 79,
            "name": "I add items to shopping cart",
            "match": {
              "location": "web.iAddItems()"
            },
            "keyword": "When ",
            "BDD_STEP_UUID": "6ea05c4c-2692-4aa2-8e1d-5e420d7193c0"
          },
          {
            "result": {
              "duration": 474983100,
              "status": "passed"
            },
            "line": 80,
            "name": "I open my cart",
            "match": {
              "location": "web.openMyCart()"
            },
            "keyword": "And ",
            "BDD_STEP_UUID": "7cd2402e-ede2-499d-b855-32d7ac5ef5c9"
          },
          {
            "result": {
              "duration": 621448200,
              "status": "passed"
            },
            "line": 81,
            "name": "I remove the product from my cart",
            "match": {
              "location": "web.removeProductFromCart()"
            },
            "keyword": "And ",
            "BDD_STEP_UUID": "15d59110-14dd-4f4c-8e4e-4fe95a781aeb"
          },
          {
            "result": {
              "duration": 538973100,
              "status": "passed"
            },
            "line": 82,
            "name": "The product should be removed from the shopping cart",
            "match": {
              "location": "web.productIsRemoved()"
            },
            "keyword": "Then ",
            "BDD_STEP_UUID": "ca3d53ff-1bc1-459b-84e4-a3c7cee21ad8"
          }
        ],
        "tags": [
          {
            "name": "@tag"
          },
          {
            "name": "@tag9"
          }
        ]
      },
      {
        "BDD_TESTRUN_UUID": "82c0f0ef-84ab-4311-8dc3-95cb9d88cafe",
        "line": 23,
        "name": "",
        "description": "",
        "type": "background",
        "keyword": "Background",
        "steps": [
          {
            "result": {
              "duration": 2265365000,
              "status": "passed"
            },
            "line": 24,
            "name": "I am on the Alta Shop website",
            "match": {
              "location": "web.onTheWebsite()"
            },
            "keyword": "Given ",
            "BDD_STEP_UUID": "be2ee03d-f613-40f4-838b-3578a95c9da2"
          }
        ]
      },
      {
        "BDD_TESTRUN_UUID": "82c0f0ef-84ab-4311-8dc3-95cb9d88cafe",
        "line": 85,
        "name": "Search a product",
        "description": "",
        "id": "web;search-a-product",
        "type": "scenario",
        "keyword": "Scenario",
        "steps": [
          {
            "result": {
              "duration": 2887877600,
              "status": "passed"
            },
            "line": 86,
            "name": "I click the search box",
            "match": {
              "location": "web.iClickSearch()"
            },
            "keyword": "When ",
            "BDD_STEP_UUID": "b3e7a300-100c-4df0-94e7-04fb88c62306"
          },
          {
            "result": {
              "duration": 687644300,
              "status": "passed"
            },
            "line": 87,
            "name": "I choose the selection in the dropdown",
            "match": {
              "location": "web.iChooseSearchOption()"
            },
            "keyword": "And ",
            "BDD_STEP_UUID": "0a1407cb-d474-4590-bd25-bf02b2a1b415"
          },
          {
            "result": {
              "duration": 832383500,
              "status": "passed"
            },
            "line": 88,
            "name": "Search results matching the keyword should appear",
            "match": {
              "location": "web.getSearchResults()"
            },
            "keyword": "Then ",
            "BDD_STEP_UUID": "04d4e6ea-8e55-42d6-b78d-3f82d6755eb3"
          }
        ],
        "tags": [
          {
            "name": "@tag"
          },
          {
            "name": "@tag10"
          }
        ]
      },
      {
        "BDD_TESTRUN_UUID": "bd7636bb-bf62-47ba-9c5b-c40391d559d1",
        "line": 23,
        "name": "",
        "description": "",
        "type": "background",
        "keyword": "Background",
        "steps": [
          {
            "result": {
              "duration": 2321596600,
              "status": "passed"
            },
            "line": 24,
            "name": "I am on the Alta Shop website",
            "match": {
              "location": "web.onTheWebsite()"
            },
            "keyword": "Given ",
            "BDD_STEP_UUID": "6429fe6b-655b-4d7e-843e-1f54d3ea213b"
          }
        ]
      },
      {
        "BDD_TESTRUN_UUID": "bd7636bb-bf62-47ba-9c5b-c40391d559d1",
        "line": 91,
        "name": "Update quantity of product",
        "description": "",
        "id": "web;update-quantity-of-product",
        "type": "scenario",
        "keyword": "Scenario",
        "steps": [
          {
            "result": {
              "duration": 3635634800,
              "status": "passed"
            },
            "line": 92,
            "name": "I click on the shopping cart icon to view its contents",
            "match": {
              "location": "web.iOpenMyCart()"
            },
            "keyword": "When ",
            "BDD_STEP_UUID": "69e3bb60-2cb1-4a19-ad57-9bd7146c7e9e"
          },
          {
            "result": {
              "duration": 598013200,
              "status": "passed"
            },
            "line": 93,
            "name": "I change the quantity of items for a product in the cart",
            "match": {
              "location": "web.iChangeQuantity()"
            },
            "keyword": "And ",
            "BDD_STEP_UUID": "bb2b9862-9538-4044-8543-5bc54941cb2d"
          },
          {
            "result": {
              "duration": 540226600,
              "status": "passed"
            },
            "line": 94,
            "name": "The quantity of items in the cart should be updated correctly",
            "match": {
              "location": "web.quantityIsUpdated()"
            },
            "keyword": "Then ",
            "BDD_STEP_UUID": "96735102-dffc-41df-8486-4840c94269d7"
          }
        ],
        "tags": [
          {
            "name": "@tag"
          },
          {
            "name": "@tag11"
          }
        ]
      },
      {
        "BDD_TESTRUN_UUID": "b968a916-80e3-4bb4-8ca0-5860572ef7b7",
        "line": 23,
        "name": "",
        "description": "",
        "type": "background",
        "keyword": "Background",
        "steps": [
          {
            "result": {
              "duration": 2695062200,
              "status": "passed"
            },
            "line": 24,
            "name": "I am on the Alta Shop website",
            "match": {
              "location": "web.onTheWebsite()"
            },
            "keyword": "Given ",
            "BDD_STEP_UUID": "3047617b-9dc4-47f9-b422-fbb1aec691ef"
          }
        ]
      },
      {
        "BDD_TESTRUN_UUID": "b968a916-80e3-4bb4-8ca0-5860572ef7b7",
        "line": 97,
        "name": "User can logout",
        "description": "",
        "id": "web;user-can-logout",
        "type": "scenario",
        "keyword": "Scenario",
        "steps": [
          {
            "result": {
              "duration": 5409727100,
              "status": "passed"
            },
            "line": 98,
            "name": "i log in to my account",
            "match": {
              "location": "web.iLogIn()"
            },
            "keyword": "When ",
            "BDD_STEP_UUID": "dd7a597d-3321-4e91-90f8-8b3d1004770b"
          },
          {
            "result": {
              "duration": 4165150700,
              "status": "passed"
            },
            "line": 99,
            "name": "i click profile button",
            "match": {
              "location": "web.iClickProfile()"
            },
            "keyword": "And ",
            "BDD_STEP_UUID": "c65d9b68-1513-4bcf-89a9-33418cf10bc2"
          },
          {
            "result": {
              "duration": 698100800,
              "status": "passed"
            },
            "line": 100,
            "name": "i click logout",
            "match": {
              "location": "web.iClickLogout()"
            },
            "keyword": "And ",
            "BDD_STEP_UUID": "5dd833bc-8ee8-4992-a9ec-ba8761278439"
          },
          {
            "result": {
              "duration": 319284900,
              "status": "passed"
            },
            "line": 101,
            "name": "i will redirect to login page",
            "match": {
              "location": "web.redirectToLogin()"
            },
            "keyword": "Then ",
            "BDD_STEP_UUID": "5e2f3d42-f662-4d7d-9d31-596ddb5d5333"
          }
        ],
        "tags": [
          {
            "name": "@tag"
          },
          {
            "name": "@tag12"
          }
        ]
      },
      {
        "BDD_TESTRUN_UUID": "615fe367-4657-4e39-a4a0-e49ff5e26f29",
        "line": 23,
        "name": "",
        "description": "",
        "type": "background",
        "keyword": "Background",
        "steps": [
          {
            "result": {
              "duration": 2441781200,
              "status": "passed"
            },
            "line": 24,
            "name": "I am on the Alta Shop website",
            "match": {
              "location": "web.onTheWebsite()"
            },
            "keyword": "Given ",
            "BDD_STEP_UUID": "01cafa9b-7e3b-4d39-b7f6-c07c43160321"
          }
        ]
      },
      {
        "BDD_TESTRUN_UUID": "615fe367-4657-4e39-a4a0-e49ff5e26f29",
        "line": 104,
        "name": "View shopping cart",
        "description": "",
        "id": "web;view-shopping-cart",
        "type": "scenario",
        "keyword": "Scenario",
        "steps": [
          {
            "result": {
              "duration": 3232047600,
              "status": "passed"
            },
            "line": 105,
            "name": "i click Beli Button to add items to cart",
            "match": {
              "location": "web.iClickBeliAndAddItems()"
            },
            "keyword": "When ",
            "BDD_STEP_UUID": "208ef846-8c4f-49c3-a154-0a259ca2414c"
          },
          {
            "result": {
              "duration": 450910200,
              "status": "passed"
            },
            "line": 106,
            "name": "i open my cart page",
            "match": {
              "location": "web.iOpenMyCartPage()"
            },
            "keyword": "And ",
            "BDD_STEP_UUID": "730a83ba-d728-4fd9-9cbd-0218cefd12d2"
          },
          {
            "result": {
              "duration": 514334400,
              "status": "passed"
            },
            "line": 107,
            "name": "i can see all my items on cart",
            "match": {
              "location": "web.iSeeAllMyItems()"
            },
            "keyword": "Then ",
            "BDD_STEP_UUID": "4af218da-0ebd-4ec7-8ba3-bc617335b58e"
          }
        ],
        "tags": [
          {
            "name": "@tag"
          },
          {
            "name": "@tag13"
          }
        ]
      },
      {
        "BDD_TESTRUN_UUID": "5a91d397-a675-42ae-b71d-3c6772232bbd",
        "line": 23,
        "name": "",
        "description": "",
        "type": "background",
        "keyword": "Background",
        "steps": [
          {
            "result": {
              "duration": 2506334600,
              "status": "passed"
            },
            "line": 24,
            "name": "I am on the Alta Shop website",
            "match": {
              "location": "web.onTheWebsite()"
            },
            "keyword": "Given ",
            "BDD_STEP_UUID": "f71a2b6b-c0c9-4d08-93f1-04e25e9f51aa"
          }
        ]
      },
      {
        "BDD_TESTRUN_UUID": "5a91d397-a675-42ae-b71d-3c6772232bbd",
        "line": 110,
        "name": "Add to cart",
        "description": "",
        "id": "web;add-to-cart",
        "type": "scenario",
        "keyword": "Scenario",
        "steps": [
          {
            "result": {
              "duration": 2978509800,
              "status": "passed"
            },
            "line": 111,
            "name": "I click the Beli button",
            "match": {
              "location": "web.iSelectProduct()"
            },
            "keyword": "When ",
            "BDD_STEP_UUID": "86827800-de44-457f-ad8a-f4d40089c6b3"
          },
          {
            "result": {
              "duration": 449327800,
              "status": "passed"
            },
            "line": 112,
            "name": "The product should be successfully added to my shopping cart",
            "match": {
              "location": "web.addProductTo()"
            },
            "keyword": "Then ",
            "BDD_STEP_UUID": "12aa9800-bdae-49e2-b0b1-c56344aecdb7"
          }
        ],
        "tags": [
          {
            "name": "@tag"
          },
          {
            "name": "@tag14"
          }
        ]
      }
    ],
    "name": "Web",
    "description": "  I want to use this template for my feature file",
    "id": "web",
    "keyword": "Feature",
    "uri": "C:/Users/Angelin/Katalon Studio/MiniProject-Web/Include/features/web.feature",
    "tags": [
      {
        "name": "@tag",
        "type": "Tag",
        "location": {
          "line": 19,
          "column": 1
        }
      }
    ]
  }
]