[
  {
    "line": 20,
    "elements": [
      {
        "BDD_TESTRUN_UUID": "784d924f-b9a9-405f-957d-c4d61e733ebf",
        "line": 22,
        "name": "",
        "description": "",
        "type": "background",
        "keyword": "Background",
        "steps": [
          {
            "result": {
              "error_message": "com.kms.katalon.core.exception.StepFailedException: Unable to start app at: \u0027C:\\Users\\Angelin\\Downloads\\mobile-app\\app-debug.apk\u0027 (Root cause: java.lang.IllegalArgumentException: The mobile device is missing. Please select the mobile device to be executed and try again.\r\n\tat com.google.common.base.Preconditions.checkArgument(Preconditions.java:135)\r\n\tat com.kms.katalon.core.mobile.keyword.internal.MobileDriverFactory.startLocalMobileDriver(MobileDriverFactory.java:564)\r\n\tat com.kms.katalon.core.mobile.keyword.internal.MobileDriverFactory.startMobileDriver(MobileDriverFactory.java:481)\r\n\tat com.kms.katalon.core.mobile.keyword.builtin.StartApplicationKeyword$_startApplication_closure1.doCall(StartApplicationKeyword.groovy:61)\r\n\tat com.kms.katalon.core.mobile.keyword.builtin.StartApplicationKeyword$_startApplication_closure1.call(StartApplicationKeyword.groovy)\r\n\tat com.kms.katalon.core.mobile.keyword.internal.MobileKeywordMain.runKeyword(MobileKeywordMain.groovy:21)\r\n\tat com.kms.katalon.core.mobile.keyword.builtin.StartApplicationKeyword.startApplication(StartApplicationKeyword.groovy:63)\r\n\tat com.kms.katalon.core.mobile.keyword.builtin.StartApplicationKeyword.execute(StartApplicationKeyword.groovy:42)\r\n\tat com.kms.katalon.core.keyword.internal.KeywordExecutor.executeKeywordForPlatform(KeywordExecutor.groovy:74)\r\n\tat com.kms.katalon.core.mobile.keyword.MobileBuiltInKeywords.startApplication(MobileBuiltInKeywords.groovy:78)\r\n\tat com.kms.katalon.core.mobile.keyword.MobileBuiltInKeywords$startApplication.call(Unknown Source)\r\n\tat mobile.openApp(mobile.groovy:54)\r\n\tat cucumber.runtime.Utils$1.call(Utils.java:26)\r\n\tat cucumber.runtime.Timeout.timeout(Timeout.java:16)\r\n\tat cucumber.runtime.Utils.invoke(Utils.java:20)\r\n\tat cucumber.runtime.java.JavaStepDefinition.execute(JavaStepDefinition.java:48)\r\n\tat cucumber.runtime.PickleStepDefinitionMatch.runStep(PickleStepDefinitionMatch.java:50)\r\n\tat cucumber.runner.TestStep.executeStep(TestStep.java:70)\r\n\tat cucumber.runner.TestStep.run(TestStep.java:52)\r\n\tat cucumber.runner.PickleStepTestStep.run(PickleStepTestStep.java:53)\r\n\tat cucumber.runner.TestCase.run(TestCase.java:47)\r\n\tat cucumber.runner.Runner.runPickle(Runner.java:44)\r\n\tat cucumber.runtime.Runtime.runFeature(Runtime.java:120)\r\n\tat cucumber.runtime.Runtime.run(Runtime.java:106)\r\n\tat cucumber.api.cli.Main.run(Main.java:35)\r\n\tat cucumber.api.cli.Main$run.call(Unknown Source)\r\n\tat com.kms.katalon.core.cucumber.keyword.CucumberBuiltinKeywords$_runFeatureFile_closure1.doCall(CucumberBuiltinKeywords.groovy:108)\r\n\tat com.kms.katalon.core.cucumber.keyword.CucumberBuiltinKeywords$_runFeatureFile_closure1.doCall(CucumberBuiltinKeywords.groovy)\r\n\tat com.kms.katalon.core.keyword.internal.KeywordMain.runKeyword(KeywordMain.groovy:75)\r\n\tat com.kms.katalon.core.keyword.internal.KeywordMain.runKeyword(KeywordMain.groovy:69)\r\n\tat com.kms.katalon.core.keyword.internal.KeywordMain$runKeyword.call(Unknown Source)\r\n\tat com.kms.katalon.core.cucumber.keyword.CucumberBuiltinKeywords.runFeatureFile(CucumberBuiltinKeywords.groovy:75)\r\n\tat com.kms.katalon.core.cucumber.keyword.CucumberBuiltinKeywords$runFeatureFile$0.callStatic(Unknown Source)\r\n\tat com.kms.katalon.core.cucumber.keyword.CucumberBuiltinKeywords.runFeatureFile(CucumberBuiltinKeywords.groovy:248)\r\n\tat com.kms.katalon.core.cucumber.keyword.CucumberBuiltinKeywords$runFeatureFile.call(Unknown Source)\r\n\tat BDD.run(BDD:20)\r\n\tat com.kms.katalon.core.main.ScriptEngine.run(ScriptEngine.java:194)\r\n\tat com.kms.katalon.core.main.ScriptEngine.runScriptAsRawText(ScriptEngine.java:119)\r\n\tat com.kms.katalon.core.main.TestCaseExecutor.runScript(TestCaseExecutor.java:448)\r\n\tat com.kms.katalon.core.main.TestCaseExecutor.doExecute(TestCaseExecutor.java:439)\r\n\tat com.kms.katalon.core.main.TestCaseExecutor.processExecutionPhase(TestCaseExecutor.java:418)\r\n\tat com.kms.katalon.core.main.TestCaseExecutor.accessMainPhase(TestCaseExecutor.java:410)\r\n\tat com.kms.katalon.core.main.TestCaseExecutor.execute(TestCaseExecutor.java:285)\r\n\tat com.kms.katalon.core.common.CommonExecutor.accessTestCaseMainPhase(CommonExecutor.java:65)\r\n\tat com.kms.katalon.core.main.TestSuiteExecutor.accessTestSuiteMainPhase(TestSuiteExecutor.java:148)\r\n\tat com.kms.katalon.core.main.TestSuiteExecutor.execute(TestSuiteExecutor.java:106)\r\n\tat com.kms.katalon.core.main.TestCaseMain.startTestSuite(TestCaseMain.java:187)\r\n\tat com.kms.katalon.core.main.TestCaseMain$startTestSuite$0.call(Unknown Source)\r\n\tat TempTestSuite1698489900935.run(TempTestSuite1698489900935.groovy:36)\r\n)\r\n\tat com.kms.katalon.core.keyword.internal.KeywordMain.stepFailed(KeywordMain.groovy:51)\r\n\tat com.kms.katalon.core.mobile.keyword.internal.MobileKeywordMain.stepFailed(MobileKeywordMain.groovy:40)\r\n\tat com.kms.katalon.core.mobile.keyword.internal.MobileKeywordMain.runKeyword(MobileKeywordMain.groovy:23)\r\n\tat com.kms.katalon.core.mobile.keyword.builtin.StartApplicationKeyword.startApplication(StartApplicationKeyword.groovy:63)\r\n\tat com.kms.katalon.core.mobile.keyword.builtin.StartApplicationKeyword.execute(StartApplicationKeyword.groovy:42)\r\n\tat com.kms.katalon.core.keyword.internal.KeywordExecutor.executeKeywordForPlatform(KeywordExecutor.groovy:74)\r\n\tat com.kms.katalon.core.mobile.keyword.MobileBuiltInKeywords.startApplication(MobileBuiltInKeywords.groovy:78)\r\n\tat com.kms.katalon.core.mobile.keyword.MobileBuiltInKeywords$startApplication.call(Unknown Source)\r\n\tat org.codehaus.groovy.runtime.callsite.CallSiteArray.defaultCall(CallSiteArray.java:47)\r\n\tat org.codehaus.groovy.runtime.callsite.AbstractCallSite.call(AbstractCallSite.java:116)\r\n\tat org.codehaus.groovy.runtime.callsite.AbstractCallSite.call(AbstractCallSite.java:136)\r\n\tat mobile.openApp(mobile.groovy:54)\r\n\tat ✽.i have opened the shopping list application(C:/Users/Angelin/Katalon Studio/MiniProject-Mobile/Include/features/mobile.feature:23)\r\nCaused by: java.lang.IllegalArgumentException: The mobile device is missing. Please select the mobile device to be executed and try again.\r\n\tat com.google.common.base.Preconditions.checkArgument(Preconditions.java:135)\r\n\tat com.kms.katalon.core.mobile.keyword.internal.MobileDriverFactory.startLocalMobileDriver(MobileDriverFactory.java:564)\r\n\tat com.kms.katalon.core.mobile.keyword.internal.MobileDriverFactory.startMobileDriver(MobileDriverFactory.java:481)\r\n\tat com.kms.katalon.core.mobile.keyword.builtin.StartApplicationKeyword$_startApplication_closure1.doCall(StartApplicationKeyword.groovy:61)\r\n\tat com.kms.katalon.core.mobile.keyword.builtin.StartApplicationKeyword$_startApplication_closure1.call(StartApplicationKeyword.groovy)\r\n\tat com.kms.katalon.core.mobile.keyword.internal.MobileKeywordMain.runKeyword(MobileKeywordMain.groovy:21)\r\n\tat com.kms.katalon.core.mobile.keyword.builtin.StartApplicationKeyword.startApplication(StartApplicationKeyword.groovy:63)\r\n\tat com.kms.katalon.core.mobile.keyword.builtin.StartApplicationKeyword.execute(StartApplicationKeyword.groovy:42)\r\n\tat com.kms.katalon.core.keyword.internal.KeywordExecutor.executeKeywordForPlatform(KeywordExecutor.groovy:74)\r\n\tat com.kms.katalon.core.mobile.keyword.MobileBuiltInKeywords.startApplication(MobileBuiltInKeywords.groovy:78)\r\n\tat com.kms.katalon.core.mobile.keyword.MobileBuiltInKeywords$startApplication.call(Unknown Source)\r\n\tat mobile.openApp(mobile.groovy:54)\r\n\tat cucumber.runtime.Utils$1.call(Utils.java:26)\r\n\tat cucumber.runtime.Timeout.timeout(Timeout.java:16)\r\n\tat cucumber.runtime.Utils.invoke(Utils.java:20)\r\n\tat cucumber.runtime.java.JavaStepDefinition.execute(JavaStepDefinition.java:48)\r\n\tat cucumber.runtime.PickleStepDefinitionMatch.runStep(PickleStepDefinitionMatch.java:50)\r\n\tat cucumber.runner.TestStep.executeStep(TestStep.java:70)\r\n\tat cucumber.runner.TestStep.run(TestStep.java:52)\r\n\tat cucumber.runner.PickleStepTestStep.run(PickleStepTestStep.java:53)\r\n\tat cucumber.runner.TestCase.run(TestCase.java:47)\r\n\tat cucumber.runner.Runner.runPickle(Runner.java:44)\r\n\tat cucumber.runtime.Runtime.runFeature(Runtime.java:120)\r\n\tat cucumber.runtime.Runtime.run(Runtime.java:106)\r\n\tat cucumber.api.cli.Main.run(Main.java:35)\r\n\tat cucumber.api.cli.Main$run.call(Unknown Source)\r\n\tat com.kms.katalon.core.cucumber.keyword.CucumberBuiltinKeywords$_runFeatureFile_closure1.doCall(CucumberBuiltinKeywords.groovy:108)\r\n\tat com.kms.katalon.core.cucumber.keyword.CucumberBuiltinKeywords$_runFeatureFile_closure1.doCall(CucumberBuiltinKeywords.groovy)\r\n\tat com.kms.katalon.core.keyword.internal.KeywordMain.runKeyword(KeywordMain.groovy:75)\r\n\tat com.kms.katalon.core.keyword.internal.KeywordMain.runKeyword(KeywordMain.groovy:69)\r\n\tat com.kms.katalon.core.keyword.internal.KeywordMain$runKeyword.call(Unknown Source)\r\n\tat com.kms.katalon.core.cucumber.keyword.CucumberBuiltinKeywords.runFeatureFile(CucumberBuiltinKeywords.groovy:75)\r\n\tat com.kms.katalon.core.cucumber.keyword.CucumberBuiltinKeywords$runFeatureFile$0.callStatic(Unknown Source)\r\n\tat com.kms.katalon.core.cucumber.keyword.CucumberBuiltinKeywords.runFeatureFile(CucumberBuiltinKeywords.groovy:248)\r\n\tat com.kms.katalon.core.cucumber.keyword.CucumberBuiltinKeywords$runFeatureFile.call(Unknown Source)\r\n\tat BDD.run(BDD:20)\r\n\tat com.kms.katalon.core.main.ScriptEngine.run(ScriptEngine.java:194)\r\n\tat com.kms.katalon.core.main.ScriptEngine.runScriptAsRawText(ScriptEngine.java:119)\r\n\tat com.kms.katalon.core.main.TestCaseExecutor.runScript(TestCaseExecutor.java:448)\r\n\tat com.kms.katalon.core.main.TestCaseExecutor.doExecute(TestCaseExecutor.java:439)\r\n\tat com.kms.katalon.core.main.TestCaseExecutor.processExecutionPhase(TestCaseExecutor.java:418)\r\n\tat com.kms.katalon.core.main.TestCaseExecutor.accessMainPhase(TestCaseExecutor.java:410)\r\n\tat com.kms.katalon.core.main.TestCaseExecutor.execute(TestCaseExecutor.java:285)\r\n\tat com.kms.katalon.core.common.CommonExecutor.accessTestCaseMainPhase(CommonExecutor.java:65)\r\n\tat com.kms.katalon.core.main.TestSuiteExecutor.accessTestSuiteMainPhase(TestSuiteExecutor.java:148)\r\n\tat com.kms.katalon.core.main.TestSuiteExecutor.execute(TestSuiteExecutor.java:106)\r\n\tat com.kms.katalon.core.main.TestCaseMain.startTestSuite(TestCaseMain.java:187)\r\n\tat com.kms.katalon.core.main.TestCaseMain$startTestSuite$0.call(Unknown Source)\r\n\tat TempTestSuite1698489900935.run(TempTestSuite1698489900935.groovy:36)\r\n",
              "duration": 241500700,
              "status": "failed"
            },
            "line": 23,
            "name": "i have opened the shopping list application",
            "match": {
              "location": "mobile.openApp()"
            },
            "keyword": "Given ",
            "BDD_STEP_UUID": "cfe118db-a1ee-4cad-a7e6-6e5ac39304eb"
          }
        ]
      },
      {
        "BDD_TESTRUN_UUID": "784d924f-b9a9-405f-957d-c4d61e733ebf",
        "line": 26,
        "name": "Add an item to the list",
        "description": "",
        "id": "mobile-shooping-list-app-feature;add-an-item-to-the-list",
        "type": "scenario",
        "keyword": "Scenario",
        "steps": [
          {
            "result": {
              "status": "skipped"
            },
            "line": 27,
            "name": "they tap the Add Item button",
            "match": {
              "location": "mobile.clickAddItem()"
            },
            "keyword": "When ",
            "BDD_STEP_UUID": "13e909dc-82a7-45a8-a661-5bf8f3a5531b"
          },
          {
            "result": {
              "status": "skipped"
            },
            "line": 28,
            "name": "they enter Cabbage as the item name",
            "match": {
              "location": "mobile.fillItemName()"
            },
            "keyword": "And ",
            "BDD_STEP_UUID": "994468bf-4cac-4f29-80e3-553178267f43"
          },
          {
            "result": {
              "status": "skipped"
            },
            "line": 29,
            "name": "they enter 1 as the quantity",
            "match": {
              "location": "mobile.fillItemQuantity()"
            },
            "keyword": "And ",
            "BDD_STEP_UUID": "95f1f927-b97b-42f1-aada-a15370ada0cc"
          },
          {
            "result": {
              "status": "skipped"
            },
            "line": 30,
            "name": "they click the Add Item button",
            "match": {
              "location": "mobile.addItem()"
            },
            "keyword": "And ",
            "BDD_STEP_UUID": "f1ab1bc6-c387-4dae-ba49-7b16e500cf6a"
          },
          {
            "result": {
              "status": "skipped"
            },
            "line": 31,
            "name": "the item Cabbage with a quantity of 1 should be added to the shopping list",
            "match": {
              "location": "mobile.checkAddedItem()"
            },
            "keyword": "Then ",
            "BDD_STEP_UUID": "6af3177b-2c6d-4027-be4f-a25cc9fd6301"
          }
        ],
        "tags": [
          {
            "name": "@tag"
          },
          {
            "name": "@tag1"
          }
        ]
      },
      {
        "BDD_TESTRUN_UUID": "4f55c0d9-3ab9-46ea-9a24-d770d0a87a55",
        "line": 22,
        "name": "",
        "description": "",
        "type": "background",
        "keyword": "Background",
        "steps": [
          {
            "result": {
              "error_message": "com.kms.katalon.core.exception.StepFailedException: Unable to start app at: \u0027C:\\Users\\Angelin\\Downloads\\mobile-app\\app-debug.apk\u0027 (Root cause: java.lang.IllegalArgumentException: The mobile device is missing. Please select the mobile device to be executed and try again.\r\n\tat com.google.common.base.Preconditions.checkArgument(Preconditions.java:135)\r\n\tat com.kms.katalon.core.mobile.keyword.internal.MobileDriverFactory.startLocalMobileDriver(MobileDriverFactory.java:564)\r\n\tat com.kms.katalon.core.mobile.keyword.internal.MobileDriverFactory.startMobileDriver(MobileDriverFactory.java:481)\r\n\tat com.kms.katalon.core.mobile.keyword.builtin.StartApplicationKeyword$_startApplication_closure1.doCall(StartApplicationKeyword.groovy:61)\r\n\tat com.kms.katalon.core.mobile.keyword.builtin.StartApplicationKeyword$_startApplication_closure1.call(StartApplicationKeyword.groovy)\r\n\tat com.kms.katalon.core.mobile.keyword.internal.MobileKeywordMain.runKeyword(MobileKeywordMain.groovy:21)\r\n\tat com.kms.katalon.core.mobile.keyword.builtin.StartApplicationKeyword.startApplication(StartApplicationKeyword.groovy:63)\r\n\tat com.kms.katalon.core.mobile.keyword.builtin.StartApplicationKeyword.execute(StartApplicationKeyword.groovy:42)\r\n\tat com.kms.katalon.core.keyword.internal.KeywordExecutor.executeKeywordForPlatform(KeywordExecutor.groovy:74)\r\n\tat com.kms.katalon.core.mobile.keyword.MobileBuiltInKeywords.startApplication(MobileBuiltInKeywords.groovy:78)\r\n\tat com.kms.katalon.core.mobile.keyword.MobileBuiltInKeywords$startApplication.call(Unknown Source)\r\n\tat mobile.openApp(mobile.groovy:54)\r\n\tat cucumber.runtime.Utils$1.call(Utils.java:26)\r\n\tat cucumber.runtime.Timeout.timeout(Timeout.java:16)\r\n\tat cucumber.runtime.Utils.invoke(Utils.java:20)\r\n\tat cucumber.runtime.java.JavaStepDefinition.execute(JavaStepDefinition.java:48)\r\n\tat cucumber.runtime.PickleStepDefinitionMatch.runStep(PickleStepDefinitionMatch.java:50)\r\n\tat cucumber.runner.TestStep.executeStep(TestStep.java:70)\r\n\tat cucumber.runner.TestStep.run(TestStep.java:52)\r\n\tat cucumber.runner.PickleStepTestStep.run(PickleStepTestStep.java:53)\r\n\tat cucumber.runner.TestCase.run(TestCase.java:47)\r\n\tat cucumber.runner.Runner.runPickle(Runner.java:44)\r\n\tat cucumber.runtime.Runtime.runFeature(Runtime.java:120)\r\n\tat cucumber.runtime.Runtime.run(Runtime.java:106)\r\n\tat cucumber.api.cli.Main.run(Main.java:35)\r\n\tat cucumber.api.cli.Main$run.call(Unknown Source)\r\n\tat com.kms.katalon.core.cucumber.keyword.CucumberBuiltinKeywords$_runFeatureFile_closure1.doCall(CucumberBuiltinKeywords.groovy:108)\r\n\tat com.kms.katalon.core.cucumber.keyword.CucumberBuiltinKeywords$_runFeatureFile_closure1.doCall(CucumberBuiltinKeywords.groovy)\r\n\tat com.kms.katalon.core.keyword.internal.KeywordMain.runKeyword(KeywordMain.groovy:75)\r\n\tat com.kms.katalon.core.keyword.internal.KeywordMain.runKeyword(KeywordMain.groovy:69)\r\n\tat com.kms.katalon.core.keyword.internal.KeywordMain$runKeyword.call(Unknown Source)\r\n\tat com.kms.katalon.core.cucumber.keyword.CucumberBuiltinKeywords.runFeatureFile(CucumberBuiltinKeywords.groovy:75)\r\n\tat com.kms.katalon.core.cucumber.keyword.CucumberBuiltinKeywords$runFeatureFile$0.callStatic(Unknown Source)\r\n\tat com.kms.katalon.core.cucumber.keyword.CucumberBuiltinKeywords.runFeatureFile(CucumberBuiltinKeywords.groovy:248)\r\n\tat com.kms.katalon.core.cucumber.keyword.CucumberBuiltinKeywords$runFeatureFile.call(Unknown Source)\r\n\tat BDD.run(BDD:20)\r\n\tat com.kms.katalon.core.main.ScriptEngine.run(ScriptEngine.java:194)\r\n\tat com.kms.katalon.core.main.ScriptEngine.runScriptAsRawText(ScriptEngine.java:119)\r\n\tat com.kms.katalon.core.main.TestCaseExecutor.runScript(TestCaseExecutor.java:448)\r\n\tat com.kms.katalon.core.main.TestCaseExecutor.doExecute(TestCaseExecutor.java:439)\r\n\tat com.kms.katalon.core.main.TestCaseExecutor.processExecutionPhase(TestCaseExecutor.java:418)\r\n\tat com.kms.katalon.core.main.TestCaseExecutor.accessMainPhase(TestCaseExecutor.java:410)\r\n\tat com.kms.katalon.core.main.TestCaseExecutor.execute(TestCaseExecutor.java:285)\r\n\tat com.kms.katalon.core.common.CommonExecutor.accessTestCaseMainPhase(CommonExecutor.java:65)\r\n\tat com.kms.katalon.core.main.TestSuiteExecutor.accessTestSuiteMainPhase(TestSuiteExecutor.java:148)\r\n\tat com.kms.katalon.core.main.TestSuiteExecutor.execute(TestSuiteExecutor.java:106)\r\n\tat com.kms.katalon.core.main.TestCaseMain.startTestSuite(TestCaseMain.java:187)\r\n\tat com.kms.katalon.core.main.TestCaseMain$startTestSuite$0.call(Unknown Source)\r\n\tat TempTestSuite1698489900935.run(TempTestSuite1698489900935.groovy:36)\r\n)\r\n\tat com.kms.katalon.core.keyword.internal.KeywordMain.stepFailed(KeywordMain.groovy:51)\r\n\tat com.kms.katalon.core.mobile.keyword.internal.MobileKeywordMain.stepFailed(MobileKeywordMain.groovy:40)\r\n\tat com.kms.katalon.core.mobile.keyword.internal.MobileKeywordMain.runKeyword(MobileKeywordMain.groovy:23)\r\n\tat com.kms.katalon.core.mobile.keyword.builtin.StartApplicationKeyword.startApplication(StartApplicationKeyword.groovy:63)\r\n\tat com.kms.katalon.core.mobile.keyword.builtin.StartApplicationKeyword.execute(StartApplicationKeyword.groovy:42)\r\n\tat com.kms.katalon.core.keyword.internal.KeywordExecutor.executeKeywordForPlatform(KeywordExecutor.groovy:74)\r\n\tat com.kms.katalon.core.mobile.keyword.MobileBuiltInKeywords.startApplication(MobileBuiltInKeywords.groovy:78)\r\n\tat com.kms.katalon.core.mobile.keyword.MobileBuiltInKeywords$startApplication.call(Unknown Source)\r\n\tat mobile.openApp(mobile.groovy:54)\r\n\tat ✽.i have opened the shopping list application(C:/Users/Angelin/Katalon Studio/MiniProject-Mobile/Include/features/mobile.feature:23)\r\nCaused by: java.lang.IllegalArgumentException: The mobile device is missing. Please select the mobile device to be executed and try again.\r\n\tat com.google.common.base.Preconditions.checkArgument(Preconditions.java:135)\r\n\tat com.kms.katalon.core.mobile.keyword.internal.MobileDriverFactory.startLocalMobileDriver(MobileDriverFactory.java:564)\r\n\tat com.kms.katalon.core.mobile.keyword.internal.MobileDriverFactory.startMobileDriver(MobileDriverFactory.java:481)\r\n\tat com.kms.katalon.core.mobile.keyword.builtin.StartApplicationKeyword$_startApplication_closure1.doCall(StartApplicationKeyword.groovy:61)\r\n\tat com.kms.katalon.core.mobile.keyword.builtin.StartApplicationKeyword$_startApplication_closure1.call(StartApplicationKeyword.groovy)\r\n\tat com.kms.katalon.core.mobile.keyword.internal.MobileKeywordMain.runKeyword(MobileKeywordMain.groovy:21)\r\n\tat com.kms.katalon.core.mobile.keyword.builtin.StartApplicationKeyword.startApplication(StartApplicationKeyword.groovy:63)\r\n\tat com.kms.katalon.core.mobile.keyword.builtin.StartApplicationKeyword.execute(StartApplicationKeyword.groovy:42)\r\n\tat com.kms.katalon.core.keyword.internal.KeywordExecutor.executeKeywordForPlatform(KeywordExecutor.groovy:74)\r\n\tat com.kms.katalon.core.mobile.keyword.MobileBuiltInKeywords.startApplication(MobileBuiltInKeywords.groovy:78)\r\n\tat com.kms.katalon.core.mobile.keyword.MobileBuiltInKeywords$startApplication.call(Unknown Source)\r\n\tat mobile.openApp(mobile.groovy:54)\r\n\tat cucumber.runtime.Utils$1.call(Utils.java:26)\r\n\tat cucumber.runtime.Timeout.timeout(Timeout.java:16)\r\n\tat cucumber.runtime.Utils.invoke(Utils.java:20)\r\n\tat cucumber.runtime.java.JavaStepDefinition.execute(JavaStepDefinition.java:48)\r\n\tat cucumber.runtime.PickleStepDefinitionMatch.runStep(PickleStepDefinitionMatch.java:50)\r\n\tat cucumber.runner.TestStep.executeStep(TestStep.java:70)\r\n\tat cucumber.runner.TestStep.run(TestStep.java:52)\r\n\tat cucumber.runner.PickleStepTestStep.run(PickleStepTestStep.java:53)\r\n\tat cucumber.runner.TestCase.run(TestCase.java:47)\r\n\tat cucumber.runner.Runner.runPickle(Runner.java:44)\r\n\tat cucumber.runtime.Runtime.runFeature(Runtime.java:120)\r\n\tat cucumber.runtime.Runtime.run(Runtime.java:106)\r\n\tat cucumber.api.cli.Main.run(Main.java:35)\r\n\tat cucumber.api.cli.Main$run.call(Unknown Source)\r\n\tat com.kms.katalon.core.cucumber.keyword.CucumberBuiltinKeywords$_runFeatureFile_closure1.doCall(CucumberBuiltinKeywords.groovy:108)\r\n\tat com.kms.katalon.core.cucumber.keyword.CucumberBuiltinKeywords$_runFeatureFile_closure1.doCall(CucumberBuiltinKeywords.groovy)\r\n\tat com.kms.katalon.core.keyword.internal.KeywordMain.runKeyword(KeywordMain.groovy:75)\r\n\tat com.kms.katalon.core.keyword.internal.KeywordMain.runKeyword(KeywordMain.groovy:69)\r\n\tat com.kms.katalon.core.keyword.internal.KeywordMain$runKeyword.call(Unknown Source)\r\n\tat com.kms.katalon.core.cucumber.keyword.CucumberBuiltinKeywords.runFeatureFile(CucumberBuiltinKeywords.groovy:75)\r\n\tat com.kms.katalon.core.cucumber.keyword.CucumberBuiltinKeywords$runFeatureFile$0.callStatic(Unknown Source)\r\n\tat com.kms.katalon.core.cucumber.keyword.CucumberBuiltinKeywords.runFeatureFile(CucumberBuiltinKeywords.groovy:248)\r\n\tat com.kms.katalon.core.cucumber.keyword.CucumberBuiltinKeywords$runFeatureFile.call(Unknown Source)\r\n\tat BDD.run(BDD:20)\r\n\tat com.kms.katalon.core.main.ScriptEngine.run(ScriptEngine.java:194)\r\n\tat com.kms.katalon.core.main.ScriptEngine.runScriptAsRawText(ScriptEngine.java:119)\r\n\tat com.kms.katalon.core.main.TestCaseExecutor.runScript(TestCaseExecutor.java:448)\r\n\tat com.kms.katalon.core.main.TestCaseExecutor.doExecute(TestCaseExecutor.java:439)\r\n\tat com.kms.katalon.core.main.TestCaseExecutor.processExecutionPhase(TestCaseExecutor.java:418)\r\n\tat com.kms.katalon.core.main.TestCaseExecutor.accessMainPhase(TestCaseExecutor.java:410)\r\n\tat com.kms.katalon.core.main.TestCaseExecutor.execute(TestCaseExecutor.java:285)\r\n\tat com.kms.katalon.core.common.CommonExecutor.accessTestCaseMainPhase(CommonExecutor.java:65)\r\n\tat com.kms.katalon.core.main.TestSuiteExecutor.accessTestSuiteMainPhase(TestSuiteExecutor.java:148)\r\n\tat com.kms.katalon.core.main.TestSuiteExecutor.execute(TestSuiteExecutor.java:106)\r\n\tat com.kms.katalon.core.main.TestCaseMain.startTestSuite(TestCaseMain.java:187)\r\n\tat com.kms.katalon.core.main.TestCaseMain$startTestSuite$0.call(Unknown Source)\r\n\tat TempTestSuite1698489900935.run(TempTestSuite1698489900935.groovy:36)\r\n",
              "duration": 10313900,
              "status": "failed"
            },
            "line": 23,
            "name": "i have opened the shopping list application",
            "match": {
              "location": "mobile.openApp()"
            },
            "keyword": "Given ",
            "BDD_STEP_UUID": "b4a6208d-123f-407a-9e7d-e408a9c5d243"
          }
        ]
      },
      {
        "BDD_TESTRUN_UUID": "4f55c0d9-3ab9-46ea-9a24-d770d0a87a55",
        "line": 33,
        "name": "Add an empty item to the list",
        "description": "",
        "id": "mobile-shooping-list-app-feature;add-an-empty-item-to-the-list",
        "type": "scenario",
        "keyword": "Scenario",
        "steps": [
          {
            "result": {
              "status": "skipped"
            },
            "line": 34,
            "name": "user tap the Add Item button",
            "match": {
              "location": "mobile.tapAddItem()"
            },
            "keyword": "When ",
            "BDD_STEP_UUID": "64ded79c-330e-4dba-bff3-aef99674a32a"
          },
          {
            "result": {
              "status": "skipped"
            },
            "line": 35,
            "name": "they set the item name empty",
            "match": {
              "location": "mobile.fillItemNameEmpty()"
            },
            "keyword": "And ",
            "BDD_STEP_UUID": "c16d33f2-5544-4b66-989f-c87117606496"
          },
          {
            "result": {
              "status": "skipped"
            },
            "line": 36,
            "name": "they enter 0 as the quantity",
            "match": {
              "location": "mobile.fillItemQuantity0()"
            },
            "keyword": "And ",
            "BDD_STEP_UUID": "824fda55-5655-4cd7-91ee-9eb3cd0b64ed"
          },
          {
            "result": {
              "status": "skipped"
            },
            "line": 37,
            "name": "user click the Add Item button",
            "match": {
              "location": "mobile.addEmptyItem()"
            },
            "keyword": "And ",
            "BDD_STEP_UUID": "dd44dcab-1bdd-41dc-93f3-3b155318d1dd"
          },
          {
            "result": {
              "status": "skipped"
            },
            "line": 38,
            "name": "the user will get error message informing user cant add empty items",
            "match": {
              "location": "mobile.errorMessageEmptyItems()"
            },
            "keyword": "Then ",
            "BDD_STEP_UUID": "18230b47-d61f-40f7-9e81-95ec2cdea5b2"
          }
        ],
        "tags": [
          {
            "name": "@tag"
          },
          {
            "name": "@tag2"
          }
        ]
      },
      {
        "BDD_TESTRUN_UUID": "b20d5fd1-503d-4bb6-bf14-55732f1d9304",
        "line": 22,
        "name": "",
        "description": "",
        "type": "background",
        "keyword": "Background",
        "steps": [
          {
            "result": {
              "error_message": "com.kms.katalon.core.exception.StepFailedException: Unable to start app at: \u0027C:\\Users\\Angelin\\Downloads\\mobile-app\\app-debug.apk\u0027 (Root cause: java.lang.IllegalArgumentException: The mobile device is missing. Please select the mobile device to be executed and try again.\r\n\tat com.google.common.base.Preconditions.checkArgument(Preconditions.java:135)\r\n\tat com.kms.katalon.core.mobile.keyword.internal.MobileDriverFactory.startLocalMobileDriver(MobileDriverFactory.java:564)\r\n\tat com.kms.katalon.core.mobile.keyword.internal.MobileDriverFactory.startMobileDriver(MobileDriverFactory.java:481)\r\n\tat com.kms.katalon.core.mobile.keyword.builtin.StartApplicationKeyword$_startApplication_closure1.doCall(StartApplicationKeyword.groovy:61)\r\n\tat com.kms.katalon.core.mobile.keyword.builtin.StartApplicationKeyword$_startApplication_closure1.call(StartApplicationKeyword.groovy)\r\n\tat com.kms.katalon.core.mobile.keyword.internal.MobileKeywordMain.runKeyword(MobileKeywordMain.groovy:21)\r\n\tat com.kms.katalon.core.mobile.keyword.builtin.StartApplicationKeyword.startApplication(StartApplicationKeyword.groovy:63)\r\n\tat com.kms.katalon.core.mobile.keyword.builtin.StartApplicationKeyword.execute(StartApplicationKeyword.groovy:42)\r\n\tat com.kms.katalon.core.keyword.internal.KeywordExecutor.executeKeywordForPlatform(KeywordExecutor.groovy:74)\r\n\tat com.kms.katalon.core.mobile.keyword.MobileBuiltInKeywords.startApplication(MobileBuiltInKeywords.groovy:78)\r\n\tat com.kms.katalon.core.mobile.keyword.MobileBuiltInKeywords$startApplication.call(Unknown Source)\r\n\tat mobile.openApp(mobile.groovy:54)\r\n\tat cucumber.runtime.Utils$1.call(Utils.java:26)\r\n\tat cucumber.runtime.Timeout.timeout(Timeout.java:16)\r\n\tat cucumber.runtime.Utils.invoke(Utils.java:20)\r\n\tat cucumber.runtime.java.JavaStepDefinition.execute(JavaStepDefinition.java:48)\r\n\tat cucumber.runtime.PickleStepDefinitionMatch.runStep(PickleStepDefinitionMatch.java:50)\r\n\tat cucumber.runner.TestStep.executeStep(TestStep.java:70)\r\n\tat cucumber.runner.TestStep.run(TestStep.java:52)\r\n\tat cucumber.runner.PickleStepTestStep.run(PickleStepTestStep.java:53)\r\n\tat cucumber.runner.TestCase.run(TestCase.java:47)\r\n\tat cucumber.runner.Runner.runPickle(Runner.java:44)\r\n\tat cucumber.runtime.Runtime.runFeature(Runtime.java:120)\r\n\tat cucumber.runtime.Runtime.run(Runtime.java:106)\r\n\tat cucumber.api.cli.Main.run(Main.java:35)\r\n\tat cucumber.api.cli.Main$run.call(Unknown Source)\r\n\tat com.kms.katalon.core.cucumber.keyword.CucumberBuiltinKeywords$_runFeatureFile_closure1.doCall(CucumberBuiltinKeywords.groovy:108)\r\n\tat com.kms.katalon.core.cucumber.keyword.CucumberBuiltinKeywords$_runFeatureFile_closure1.doCall(CucumberBuiltinKeywords.groovy)\r\n\tat com.kms.katalon.core.keyword.internal.KeywordMain.runKeyword(KeywordMain.groovy:75)\r\n\tat com.kms.katalon.core.keyword.internal.KeywordMain.runKeyword(KeywordMain.groovy:69)\r\n\tat com.kms.katalon.core.keyword.internal.KeywordMain$runKeyword.call(Unknown Source)\r\n\tat com.kms.katalon.core.cucumber.keyword.CucumberBuiltinKeywords.runFeatureFile(CucumberBuiltinKeywords.groovy:75)\r\n\tat com.kms.katalon.core.cucumber.keyword.CucumberBuiltinKeywords$runFeatureFile$0.callStatic(Unknown Source)\r\n\tat com.kms.katalon.core.cucumber.keyword.CucumberBuiltinKeywords.runFeatureFile(CucumberBuiltinKeywords.groovy:248)\r\n\tat com.kms.katalon.core.cucumber.keyword.CucumberBuiltinKeywords$runFeatureFile.call(Unknown Source)\r\n\tat BDD.run(BDD:20)\r\n\tat com.kms.katalon.core.main.ScriptEngine.run(ScriptEngine.java:194)\r\n\tat com.kms.katalon.core.main.ScriptEngine.runScriptAsRawText(ScriptEngine.java:119)\r\n\tat com.kms.katalon.core.main.TestCaseExecutor.runScript(TestCaseExecutor.java:448)\r\n\tat com.kms.katalon.core.main.TestCaseExecutor.doExecute(TestCaseExecutor.java:439)\r\n\tat com.kms.katalon.core.main.TestCaseExecutor.processExecutionPhase(TestCaseExecutor.java:418)\r\n\tat com.kms.katalon.core.main.TestCaseExecutor.accessMainPhase(TestCaseExecutor.java:410)\r\n\tat com.kms.katalon.core.main.TestCaseExecutor.execute(TestCaseExecutor.java:285)\r\n\tat com.kms.katalon.core.common.CommonExecutor.accessTestCaseMainPhase(CommonExecutor.java:65)\r\n\tat com.kms.katalon.core.main.TestSuiteExecutor.accessTestSuiteMainPhase(TestSuiteExecutor.java:148)\r\n\tat com.kms.katalon.core.main.TestSuiteExecutor.execute(TestSuiteExecutor.java:106)\r\n\tat com.kms.katalon.core.main.TestCaseMain.startTestSuite(TestCaseMain.java:187)\r\n\tat com.kms.katalon.core.main.TestCaseMain$startTestSuite$0.call(Unknown Source)\r\n\tat TempTestSuite1698489900935.run(TempTestSuite1698489900935.groovy:36)\r\n)\r\n\tat com.kms.katalon.core.keyword.internal.KeywordMain.stepFailed(KeywordMain.groovy:51)\r\n\tat com.kms.katalon.core.mobile.keyword.internal.MobileKeywordMain.stepFailed(MobileKeywordMain.groovy:40)\r\n\tat com.kms.katalon.core.mobile.keyword.internal.MobileKeywordMain.runKeyword(MobileKeywordMain.groovy:23)\r\n\tat com.kms.katalon.core.mobile.keyword.builtin.StartApplicationKeyword.startApplication(StartApplicationKeyword.groovy:63)\r\n\tat com.kms.katalon.core.mobile.keyword.builtin.StartApplicationKeyword.execute(StartApplicationKeyword.groovy:42)\r\n\tat com.kms.katalon.core.keyword.internal.KeywordExecutor.executeKeywordForPlatform(KeywordExecutor.groovy:74)\r\n\tat com.kms.katalon.core.mobile.keyword.MobileBuiltInKeywords.startApplication(MobileBuiltInKeywords.groovy:78)\r\n\tat com.kms.katalon.core.mobile.keyword.MobileBuiltInKeywords$startApplication.call(Unknown Source)\r\n\tat mobile.openApp(mobile.groovy:54)\r\n\tat ✽.i have opened the shopping list application(C:/Users/Angelin/Katalon Studio/MiniProject-Mobile/Include/features/mobile.feature:23)\r\nCaused by: java.lang.IllegalArgumentException: The mobile device is missing. Please select the mobile device to be executed and try again.\r\n\tat com.google.common.base.Preconditions.checkArgument(Preconditions.java:135)\r\n\tat com.kms.katalon.core.mobile.keyword.internal.MobileDriverFactory.startLocalMobileDriver(MobileDriverFactory.java:564)\r\n\tat com.kms.katalon.core.mobile.keyword.internal.MobileDriverFactory.startMobileDriver(MobileDriverFactory.java:481)\r\n\tat com.kms.katalon.core.mobile.keyword.builtin.StartApplicationKeyword$_startApplication_closure1.doCall(StartApplicationKeyword.groovy:61)\r\n\tat com.kms.katalon.core.mobile.keyword.builtin.StartApplicationKeyword$_startApplication_closure1.call(StartApplicationKeyword.groovy)\r\n\tat com.kms.katalon.core.mobile.keyword.internal.MobileKeywordMain.runKeyword(MobileKeywordMain.groovy:21)\r\n\tat com.kms.katalon.core.mobile.keyword.builtin.StartApplicationKeyword.startApplication(StartApplicationKeyword.groovy:63)\r\n\tat com.kms.katalon.core.mobile.keyword.builtin.StartApplicationKeyword.execute(StartApplicationKeyword.groovy:42)\r\n\tat com.kms.katalon.core.keyword.internal.KeywordExecutor.executeKeywordForPlatform(KeywordExecutor.groovy:74)\r\n\tat com.kms.katalon.core.mobile.keyword.MobileBuiltInKeywords.startApplication(MobileBuiltInKeywords.groovy:78)\r\n\tat com.kms.katalon.core.mobile.keyword.MobileBuiltInKeywords$startApplication.call(Unknown Source)\r\n\tat mobile.openApp(mobile.groovy:54)\r\n\tat cucumber.runtime.Utils$1.call(Utils.java:26)\r\n\tat cucumber.runtime.Timeout.timeout(Timeout.java:16)\r\n\tat cucumber.runtime.Utils.invoke(Utils.java:20)\r\n\tat cucumber.runtime.java.JavaStepDefinition.execute(JavaStepDefinition.java:48)\r\n\tat cucumber.runtime.PickleStepDefinitionMatch.runStep(PickleStepDefinitionMatch.java:50)\r\n\tat cucumber.runner.TestStep.executeStep(TestStep.java:70)\r\n\tat cucumber.runner.TestStep.run(TestStep.java:52)\r\n\tat cucumber.runner.PickleStepTestStep.run(PickleStepTestStep.java:53)\r\n\tat cucumber.runner.TestCase.run(TestCase.java:47)\r\n\tat cucumber.runner.Runner.runPickle(Runner.java:44)\r\n\tat cucumber.runtime.Runtime.runFeature(Runtime.java:120)\r\n\tat cucumber.runtime.Runtime.run(Runtime.java:106)\r\n\tat cucumber.api.cli.Main.run(Main.java:35)\r\n\tat cucumber.api.cli.Main$run.call(Unknown Source)\r\n\tat com.kms.katalon.core.cucumber.keyword.CucumberBuiltinKeywords$_runFeatureFile_closure1.doCall(CucumberBuiltinKeywords.groovy:108)\r\n\tat com.kms.katalon.core.cucumber.keyword.CucumberBuiltinKeywords$_runFeatureFile_closure1.doCall(CucumberBuiltinKeywords.groovy)\r\n\tat com.kms.katalon.core.keyword.internal.KeywordMain.runKeyword(KeywordMain.groovy:75)\r\n\tat com.kms.katalon.core.keyword.internal.KeywordMain.runKeyword(KeywordMain.groovy:69)\r\n\tat com.kms.katalon.core.keyword.internal.KeywordMain$runKeyword.call(Unknown Source)\r\n\tat com.kms.katalon.core.cucumber.keyword.CucumberBuiltinKeywords.runFeatureFile(CucumberBuiltinKeywords.groovy:75)\r\n\tat com.kms.katalon.core.cucumber.keyword.CucumberBuiltinKeywords$runFeatureFile$0.callStatic(Unknown Source)\r\n\tat com.kms.katalon.core.cucumber.keyword.CucumberBuiltinKeywords.runFeatureFile(CucumberBuiltinKeywords.groovy:248)\r\n\tat com.kms.katalon.core.cucumber.keyword.CucumberBuiltinKeywords$runFeatureFile.call(Unknown Source)\r\n\tat BDD.run(BDD:20)\r\n\tat com.kms.katalon.core.main.ScriptEngine.run(ScriptEngine.java:194)\r\n\tat com.kms.katalon.core.main.ScriptEngine.runScriptAsRawText(ScriptEngine.java:119)\r\n\tat com.kms.katalon.core.main.TestCaseExecutor.runScript(TestCaseExecutor.java:448)\r\n\tat com.kms.katalon.core.main.TestCaseExecutor.doExecute(TestCaseExecutor.java:439)\r\n\tat com.kms.katalon.core.main.TestCaseExecutor.processExecutionPhase(TestCaseExecutor.java:418)\r\n\tat com.kms.katalon.core.main.TestCaseExecutor.accessMainPhase(TestCaseExecutor.java:410)\r\n\tat com.kms.katalon.core.main.TestCaseExecutor.execute(TestCaseExecutor.java:285)\r\n\tat com.kms.katalon.core.common.CommonExecutor.accessTestCaseMainPhase(CommonExecutor.java:65)\r\n\tat com.kms.katalon.core.main.TestSuiteExecutor.accessTestSuiteMainPhase(TestSuiteExecutor.java:148)\r\n\tat com.kms.katalon.core.main.TestSuiteExecutor.execute(TestSuiteExecutor.java:106)\r\n\tat com.kms.katalon.core.main.TestCaseMain.startTestSuite(TestCaseMain.java:187)\r\n\tat com.kms.katalon.core.main.TestCaseMain$startTestSuite$0.call(Unknown Source)\r\n\tat TempTestSuite1698489900935.run(TempTestSuite1698489900935.groovy:36)\r\n",
              "duration": 11334800,
              "status": "failed"
            },
            "line": 23,
            "name": "i have opened the shopping list application",
            "match": {
              "location": "mobile.openApp()"
            },
            "keyword": "Given ",
            "BDD_STEP_UUID": "62d24d8a-317d-4e15-8d36-0cd3b078eed2"
          }
        ]
      },
      {
        "BDD_TESTRUN_UUID": "b20d5fd1-503d-4bb6-bf14-55732f1d9304",
        "line": 46,
        "name": "Add an empty item to the list",
        "description": "",
        "id": "mobile-shooping-list-app-feature;add-an-empty-item-to-the-list",
        "type": "scenario",
        "keyword": "Scenario",
        "steps": [
          {
            "result": {
              "status": "skipped"
            },
            "line": 47,
            "name": "user is in the home screen",
            "match": {
              "location": "mobile.homeLabel()"
            },
            "keyword": "When ",
            "BDD_STEP_UUID": "c539f0c3-ee3a-4138-9046-c39a65343917"
          },
          {
            "result": {
              "status": "skipped"
            },
            "line": 48,
            "name": "the user will see the Home Header text",
            "match": {
              "location": "mobile.welcomeLabel()"
            },
            "keyword": "Then ",
            "BDD_STEP_UUID": "cd5db44d-7cbe-4f6d-81a5-053af671d9c5"
          }
        ],
        "tags": [
          {
            "name": "@tag"
          },
          {
            "name": "@tag3"
          }
        ]
      },
      {
        "BDD_TESTRUN_UUID": "03897a1a-680c-4f69-9e23-9c6b120e1231",
        "line": 22,
        "name": "",
        "description": "",
        "type": "background",
        "keyword": "Background",
        "steps": [
          {
            "result": {
              "error_message": "com.kms.katalon.core.exception.StepFailedException: Unable to start app at: \u0027C:\\Users\\Angelin\\Downloads\\mobile-app\\app-debug.apk\u0027 (Root cause: java.lang.IllegalArgumentException: The mobile device is missing. Please select the mobile device to be executed and try again.\r\n\tat com.google.common.base.Preconditions.checkArgument(Preconditions.java:135)\r\n\tat com.kms.katalon.core.mobile.keyword.internal.MobileDriverFactory.startLocalMobileDriver(MobileDriverFactory.java:564)\r\n\tat com.kms.katalon.core.mobile.keyword.internal.MobileDriverFactory.startMobileDriver(MobileDriverFactory.java:481)\r\n\tat com.kms.katalon.core.mobile.keyword.builtin.StartApplicationKeyword$_startApplication_closure1.doCall(StartApplicationKeyword.groovy:61)\r\n\tat com.kms.katalon.core.mobile.keyword.builtin.StartApplicationKeyword$_startApplication_closure1.call(StartApplicationKeyword.groovy)\r\n\tat com.kms.katalon.core.mobile.keyword.internal.MobileKeywordMain.runKeyword(MobileKeywordMain.groovy:21)\r\n\tat com.kms.katalon.core.mobile.keyword.builtin.StartApplicationKeyword.startApplication(StartApplicationKeyword.groovy:63)\r\n\tat com.kms.katalon.core.mobile.keyword.builtin.StartApplicationKeyword.execute(StartApplicationKeyword.groovy:42)\r\n\tat com.kms.katalon.core.keyword.internal.KeywordExecutor.executeKeywordForPlatform(KeywordExecutor.groovy:74)\r\n\tat com.kms.katalon.core.mobile.keyword.MobileBuiltInKeywords.startApplication(MobileBuiltInKeywords.groovy:78)\r\n\tat com.kms.katalon.core.mobile.keyword.MobileBuiltInKeywords$startApplication.call(Unknown Source)\r\n\tat mobile.openApp(mobile.groovy:54)\r\n\tat cucumber.runtime.Utils$1.call(Utils.java:26)\r\n\tat cucumber.runtime.Timeout.timeout(Timeout.java:16)\r\n\tat cucumber.runtime.Utils.invoke(Utils.java:20)\r\n\tat cucumber.runtime.java.JavaStepDefinition.execute(JavaStepDefinition.java:48)\r\n\tat cucumber.runtime.PickleStepDefinitionMatch.runStep(PickleStepDefinitionMatch.java:50)\r\n\tat cucumber.runner.TestStep.executeStep(TestStep.java:70)\r\n\tat cucumber.runner.TestStep.run(TestStep.java:52)\r\n\tat cucumber.runner.PickleStepTestStep.run(PickleStepTestStep.java:53)\r\n\tat cucumber.runner.TestCase.run(TestCase.java:47)\r\n\tat cucumber.runner.Runner.runPickle(Runner.java:44)\r\n\tat cucumber.runtime.Runtime.runFeature(Runtime.java:120)\r\n\tat cucumber.runtime.Runtime.run(Runtime.java:106)\r\n\tat cucumber.api.cli.Main.run(Main.java:35)\r\n\tat cucumber.api.cli.Main$run.call(Unknown Source)\r\n\tat com.kms.katalon.core.cucumber.keyword.CucumberBuiltinKeywords$_runFeatureFile_closure1.doCall(CucumberBuiltinKeywords.groovy:108)\r\n\tat com.kms.katalon.core.cucumber.keyword.CucumberBuiltinKeywords$_runFeatureFile_closure1.doCall(CucumberBuiltinKeywords.groovy)\r\n\tat com.kms.katalon.core.keyword.internal.KeywordMain.runKeyword(KeywordMain.groovy:75)\r\n\tat com.kms.katalon.core.keyword.internal.KeywordMain.runKeyword(KeywordMain.groovy:69)\r\n\tat com.kms.katalon.core.keyword.internal.KeywordMain$runKeyword.call(Unknown Source)\r\n\tat com.kms.katalon.core.cucumber.keyword.CucumberBuiltinKeywords.runFeatureFile(CucumberBuiltinKeywords.groovy:75)\r\n\tat com.kms.katalon.core.cucumber.keyword.CucumberBuiltinKeywords$runFeatureFile$0.callStatic(Unknown Source)\r\n\tat com.kms.katalon.core.cucumber.keyword.CucumberBuiltinKeywords.runFeatureFile(CucumberBuiltinKeywords.groovy:248)\r\n\tat com.kms.katalon.core.cucumber.keyword.CucumberBuiltinKeywords$runFeatureFile.call(Unknown Source)\r\n\tat BDD.run(BDD:20)\r\n\tat com.kms.katalon.core.main.ScriptEngine.run(ScriptEngine.java:194)\r\n\tat com.kms.katalon.core.main.ScriptEngine.runScriptAsRawText(ScriptEngine.java:119)\r\n\tat com.kms.katalon.core.main.TestCaseExecutor.runScript(TestCaseExecutor.java:448)\r\n\tat com.kms.katalon.core.main.TestCaseExecutor.doExecute(TestCaseExecutor.java:439)\r\n\tat com.kms.katalon.core.main.TestCaseExecutor.processExecutionPhase(TestCaseExecutor.java:418)\r\n\tat com.kms.katalon.core.main.TestCaseExecutor.accessMainPhase(TestCaseExecutor.java:410)\r\n\tat com.kms.katalon.core.main.TestCaseExecutor.execute(TestCaseExecutor.java:285)\r\n\tat com.kms.katalon.core.common.CommonExecutor.accessTestCaseMainPhase(CommonExecutor.java:65)\r\n\tat com.kms.katalon.core.main.TestSuiteExecutor.accessTestSuiteMainPhase(TestSuiteExecutor.java:148)\r\n\tat com.kms.katalon.core.main.TestSuiteExecutor.execute(TestSuiteExecutor.java:106)\r\n\tat com.kms.katalon.core.main.TestCaseMain.startTestSuite(TestCaseMain.java:187)\r\n\tat com.kms.katalon.core.main.TestCaseMain$startTestSuite$0.call(Unknown Source)\r\n\tat TempTestSuite1698489900935.run(TempTestSuite1698489900935.groovy:36)\r\n)\r\n\tat com.kms.katalon.core.keyword.internal.KeywordMain.stepFailed(KeywordMain.groovy:51)\r\n\tat com.kms.katalon.core.mobile.keyword.internal.MobileKeywordMain.stepFailed(MobileKeywordMain.groovy:40)\r\n\tat com.kms.katalon.core.mobile.keyword.internal.MobileKeywordMain.runKeyword(MobileKeywordMain.groovy:23)\r\n\tat com.kms.katalon.core.mobile.keyword.builtin.StartApplicationKeyword.startApplication(StartApplicationKeyword.groovy:63)\r\n\tat com.kms.katalon.core.mobile.keyword.builtin.StartApplicationKeyword.execute(StartApplicationKeyword.groovy:42)\r\n\tat com.kms.katalon.core.keyword.internal.KeywordExecutor.executeKeywordForPlatform(KeywordExecutor.groovy:74)\r\n\tat com.kms.katalon.core.mobile.keyword.MobileBuiltInKeywords.startApplication(MobileBuiltInKeywords.groovy:78)\r\n\tat com.kms.katalon.core.mobile.keyword.MobileBuiltInKeywords$startApplication.call(Unknown Source)\r\n\tat mobile.openApp(mobile.groovy:54)\r\n\tat ✽.i have opened the shopping list application(C:/Users/Angelin/Katalon Studio/MiniProject-Mobile/Include/features/mobile.feature:23)\r\nCaused by: java.lang.IllegalArgumentException: The mobile device is missing. Please select the mobile device to be executed and try again.\r\n\tat com.google.common.base.Preconditions.checkArgument(Preconditions.java:135)\r\n\tat com.kms.katalon.core.mobile.keyword.internal.MobileDriverFactory.startLocalMobileDriver(MobileDriverFactory.java:564)\r\n\tat com.kms.katalon.core.mobile.keyword.internal.MobileDriverFactory.startMobileDriver(MobileDriverFactory.java:481)\r\n\tat com.kms.katalon.core.mobile.keyword.builtin.StartApplicationKeyword$_startApplication_closure1.doCall(StartApplicationKeyword.groovy:61)\r\n\tat com.kms.katalon.core.mobile.keyword.builtin.StartApplicationKeyword$_startApplication_closure1.call(StartApplicationKeyword.groovy)\r\n\tat com.kms.katalon.core.mobile.keyword.internal.MobileKeywordMain.runKeyword(MobileKeywordMain.groovy:21)\r\n\tat com.kms.katalon.core.mobile.keyword.builtin.StartApplicationKeyword.startApplication(StartApplicationKeyword.groovy:63)\r\n\tat com.kms.katalon.core.mobile.keyword.builtin.StartApplicationKeyword.execute(StartApplicationKeyword.groovy:42)\r\n\tat com.kms.katalon.core.keyword.internal.KeywordExecutor.executeKeywordForPlatform(KeywordExecutor.groovy:74)\r\n\tat com.kms.katalon.core.mobile.keyword.MobileBuiltInKeywords.startApplication(MobileBuiltInKeywords.groovy:78)\r\n\tat com.kms.katalon.core.mobile.keyword.MobileBuiltInKeywords$startApplication.call(Unknown Source)\r\n\tat mobile.openApp(mobile.groovy:54)\r\n\tat cucumber.runtime.Utils$1.call(Utils.java:26)\r\n\tat cucumber.runtime.Timeout.timeout(Timeout.java:16)\r\n\tat cucumber.runtime.Utils.invoke(Utils.java:20)\r\n\tat cucumber.runtime.java.JavaStepDefinition.execute(JavaStepDefinition.java:48)\r\n\tat cucumber.runtime.PickleStepDefinitionMatch.runStep(PickleStepDefinitionMatch.java:50)\r\n\tat cucumber.runner.TestStep.executeStep(TestStep.java:70)\r\n\tat cucumber.runner.TestStep.run(TestStep.java:52)\r\n\tat cucumber.runner.PickleStepTestStep.run(PickleStepTestStep.java:53)\r\n\tat cucumber.runner.TestCase.run(TestCase.java:47)\r\n\tat cucumber.runner.Runner.runPickle(Runner.java:44)\r\n\tat cucumber.runtime.Runtime.runFeature(Runtime.java:120)\r\n\tat cucumber.runtime.Runtime.run(Runtime.java:106)\r\n\tat cucumber.api.cli.Main.run(Main.java:35)\r\n\tat cucumber.api.cli.Main$run.call(Unknown Source)\r\n\tat com.kms.katalon.core.cucumber.keyword.CucumberBuiltinKeywords$_runFeatureFile_closure1.doCall(CucumberBuiltinKeywords.groovy:108)\r\n\tat com.kms.katalon.core.cucumber.keyword.CucumberBuiltinKeywords$_runFeatureFile_closure1.doCall(CucumberBuiltinKeywords.groovy)\r\n\tat com.kms.katalon.core.keyword.internal.KeywordMain.runKeyword(KeywordMain.groovy:75)\r\n\tat com.kms.katalon.core.keyword.internal.KeywordMain.runKeyword(KeywordMain.groovy:69)\r\n\tat com.kms.katalon.core.keyword.internal.KeywordMain$runKeyword.call(Unknown Source)\r\n\tat com.kms.katalon.core.cucumber.keyword.CucumberBuiltinKeywords.runFeatureFile(CucumberBuiltinKeywords.groovy:75)\r\n\tat com.kms.katalon.core.cucumber.keyword.CucumberBuiltinKeywords$runFeatureFile$0.callStatic(Unknown Source)\r\n\tat com.kms.katalon.core.cucumber.keyword.CucumberBuiltinKeywords.runFeatureFile(CucumberBuiltinKeywords.groovy:248)\r\n\tat com.kms.katalon.core.cucumber.keyword.CucumberBuiltinKeywords$runFeatureFile.call(Unknown Source)\r\n\tat BDD.run(BDD:20)\r\n\tat com.kms.katalon.core.main.ScriptEngine.run(ScriptEngine.java:194)\r\n\tat com.kms.katalon.core.main.ScriptEngine.runScriptAsRawText(ScriptEngine.java:119)\r\n\tat com.kms.katalon.core.main.TestCaseExecutor.runScript(TestCaseExecutor.java:448)\r\n\tat com.kms.katalon.core.main.TestCaseExecutor.doExecute(TestCaseExecutor.java:439)\r\n\tat com.kms.katalon.core.main.TestCaseExecutor.processExecutionPhase(TestCaseExecutor.java:418)\r\n\tat com.kms.katalon.core.main.TestCaseExecutor.accessMainPhase(TestCaseExecutor.java:410)\r\n\tat com.kms.katalon.core.main.TestCaseExecutor.execute(TestCaseExecutor.java:285)\r\n\tat com.kms.katalon.core.common.CommonExecutor.accessTestCaseMainPhase(CommonExecutor.java:65)\r\n\tat com.kms.katalon.core.main.TestSuiteExecutor.accessTestSuiteMainPhase(TestSuiteExecutor.java:148)\r\n\tat com.kms.katalon.core.main.TestSuiteExecutor.execute(TestSuiteExecutor.java:106)\r\n\tat com.kms.katalon.core.main.TestCaseMain.startTestSuite(TestCaseMain.java:187)\r\n\tat com.kms.katalon.core.main.TestCaseMain$startTestSuite$0.call(Unknown Source)\r\n\tat TempTestSuite1698489900935.run(TempTestSuite1698489900935.groovy:36)\r\n",
              "duration": 13252500,
              "status": "failed"
            },
            "line": 23,
            "name": "i have opened the shopping list application",
            "match": {
              "location": "mobile.openApp()"
            },
            "keyword": "Given ",
            "BDD_STEP_UUID": "32fcffdd-898f-46d8-9d2b-e3124a018f20"
          }
        ]
      },
      {
        "BDD_TESTRUN_UUID": "03897a1a-680c-4f69-9e23-9c6b120e1231",
        "line": 51,
        "name": "Verify Item Quanntity Input Field Validation",
        "description": "",
        "id": "mobile-shooping-list-app-feature;verify-item-quanntity-input-field-validation",
        "type": "scenario",
        "keyword": "Scenario",
        "steps": [
          {
            "result": {
              "status": "skipped"
            },
            "line": 52,
            "name": "user tap the Add Item button or plus icon",
            "match": {
              "location": "mobile.userTapItemButton()"
            },
            "keyword": "When ",
            "BDD_STEP_UUID": "cc18d1da-ee01-43e2-8bc8-4f6781bb5337"
          },
          {
            "result": {
              "status": "skipped"
            },
            "line": 53,
            "name": "they enter an invalid negative quantity for a new item",
            "match": {
              "location": "mobile.userAddInvalidQuantity()"
            },
            "keyword": "And ",
            "BDD_STEP_UUID": "8de18d0b-34f4-4387-a5a6-603c24965b3c"
          },
          {
            "result": {
              "status": "skipped"
            },
            "line": 54,
            "name": "they tap the Add button",
            "match": {
              "location": "mobile.userTapAddButton1()"
            },
            "keyword": "And ",
            "BDD_STEP_UUID": "a5695626-2f3f-48d0-986c-a43ad8609078"
          },
          {
            "result": {
              "status": "skipped"
            },
            "line": 55,
            "name": "the application should display an error message indicating that the quantity is invalid",
            "match": {
              "location": "mobile.quantityErrorMessage()"
            },
            "keyword": "Then ",
            "BDD_STEP_UUID": "1901cb9e-7a78-4662-b843-0f4fa269fb9e"
          }
        ],
        "tags": [
          {
            "name": "@tag"
          },
          {
            "name": "@tag4"
          }
        ]
      },
      {
        "BDD_TESTRUN_UUID": "7b0387cc-1c41-46ea-a9ad-7eea4cf631a6",
        "line": 22,
        "name": "",
        "description": "",
        "type": "background",
        "keyword": "Background",
        "steps": [
          {
            "result": {
              "error_message": "com.kms.katalon.core.exception.StepFailedException: Unable to start app at: \u0027C:\\Users\\Angelin\\Downloads\\mobile-app\\app-debug.apk\u0027 (Root cause: java.lang.IllegalArgumentException: The mobile device is missing. Please select the mobile device to be executed and try again.\r\n\tat com.google.common.base.Preconditions.checkArgument(Preconditions.java:135)\r\n\tat com.kms.katalon.core.mobile.keyword.internal.MobileDriverFactory.startLocalMobileDriver(MobileDriverFactory.java:564)\r\n\tat com.kms.katalon.core.mobile.keyword.internal.MobileDriverFactory.startMobileDriver(MobileDriverFactory.java:481)\r\n\tat com.kms.katalon.core.mobile.keyword.builtin.StartApplicationKeyword$_startApplication_closure1.doCall(StartApplicationKeyword.groovy:61)\r\n\tat com.kms.katalon.core.mobile.keyword.builtin.StartApplicationKeyword$_startApplication_closure1.call(StartApplicationKeyword.groovy)\r\n\tat com.kms.katalon.core.mobile.keyword.internal.MobileKeywordMain.runKeyword(MobileKeywordMain.groovy:21)\r\n\tat com.kms.katalon.core.mobile.keyword.builtin.StartApplicationKeyword.startApplication(StartApplicationKeyword.groovy:63)\r\n\tat com.kms.katalon.core.mobile.keyword.builtin.StartApplicationKeyword.execute(StartApplicationKeyword.groovy:42)\r\n\tat com.kms.katalon.core.keyword.internal.KeywordExecutor.executeKeywordForPlatform(KeywordExecutor.groovy:74)\r\n\tat com.kms.katalon.core.mobile.keyword.MobileBuiltInKeywords.startApplication(MobileBuiltInKeywords.groovy:78)\r\n\tat com.kms.katalon.core.mobile.keyword.MobileBuiltInKeywords$startApplication.call(Unknown Source)\r\n\tat mobile.openApp(mobile.groovy:54)\r\n\tat cucumber.runtime.Utils$1.call(Utils.java:26)\r\n\tat cucumber.runtime.Timeout.timeout(Timeout.java:16)\r\n\tat cucumber.runtime.Utils.invoke(Utils.java:20)\r\n\tat cucumber.runtime.java.JavaStepDefinition.execute(JavaStepDefinition.java:48)\r\n\tat cucumber.runtime.PickleStepDefinitionMatch.runStep(PickleStepDefinitionMatch.java:50)\r\n\tat cucumber.runner.TestStep.executeStep(TestStep.java:70)\r\n\tat cucumber.runner.TestStep.run(TestStep.java:52)\r\n\tat cucumber.runner.PickleStepTestStep.run(PickleStepTestStep.java:53)\r\n\tat cucumber.runner.TestCase.run(TestCase.java:47)\r\n\tat cucumber.runner.Runner.runPickle(Runner.java:44)\r\n\tat cucumber.runtime.Runtime.runFeature(Runtime.java:120)\r\n\tat cucumber.runtime.Runtime.run(Runtime.java:106)\r\n\tat cucumber.api.cli.Main.run(Main.java:35)\r\n\tat cucumber.api.cli.Main$run.call(Unknown Source)\r\n\tat com.kms.katalon.core.cucumber.keyword.CucumberBuiltinKeywords$_runFeatureFile_closure1.doCall(CucumberBuiltinKeywords.groovy:108)\r\n\tat com.kms.katalon.core.cucumber.keyword.CucumberBuiltinKeywords$_runFeatureFile_closure1.doCall(CucumberBuiltinKeywords.groovy)\r\n\tat com.kms.katalon.core.keyword.internal.KeywordMain.runKeyword(KeywordMain.groovy:75)\r\n\tat com.kms.katalon.core.keyword.internal.KeywordMain.runKeyword(KeywordMain.groovy:69)\r\n\tat com.kms.katalon.core.keyword.internal.KeywordMain$runKeyword.call(Unknown Source)\r\n\tat com.kms.katalon.core.cucumber.keyword.CucumberBuiltinKeywords.runFeatureFile(CucumberBuiltinKeywords.groovy:75)\r\n\tat com.kms.katalon.core.cucumber.keyword.CucumberBuiltinKeywords$runFeatureFile$0.callStatic(Unknown Source)\r\n\tat com.kms.katalon.core.cucumber.keyword.CucumberBuiltinKeywords.runFeatureFile(CucumberBuiltinKeywords.groovy:248)\r\n\tat com.kms.katalon.core.cucumber.keyword.CucumberBuiltinKeywords$runFeatureFile.call(Unknown Source)\r\n\tat BDD.run(BDD:20)\r\n\tat com.kms.katalon.core.main.ScriptEngine.run(ScriptEngine.java:194)\r\n\tat com.kms.katalon.core.main.ScriptEngine.runScriptAsRawText(ScriptEngine.java:119)\r\n\tat com.kms.katalon.core.main.TestCaseExecutor.runScript(TestCaseExecutor.java:448)\r\n\tat com.kms.katalon.core.main.TestCaseExecutor.doExecute(TestCaseExecutor.java:439)\r\n\tat com.kms.katalon.core.main.TestCaseExecutor.processExecutionPhase(TestCaseExecutor.java:418)\r\n\tat com.kms.katalon.core.main.TestCaseExecutor.accessMainPhase(TestCaseExecutor.java:410)\r\n\tat com.kms.katalon.core.main.TestCaseExecutor.execute(TestCaseExecutor.java:285)\r\n\tat com.kms.katalon.core.common.CommonExecutor.accessTestCaseMainPhase(CommonExecutor.java:65)\r\n\tat com.kms.katalon.core.main.TestSuiteExecutor.accessTestSuiteMainPhase(TestSuiteExecutor.java:148)\r\n\tat com.kms.katalon.core.main.TestSuiteExecutor.execute(TestSuiteExecutor.java:106)\r\n\tat com.kms.katalon.core.main.TestCaseMain.startTestSuite(TestCaseMain.java:187)\r\n\tat com.kms.katalon.core.main.TestCaseMain$startTestSuite$0.call(Unknown Source)\r\n\tat TempTestSuite1698489900935.run(TempTestSuite1698489900935.groovy:36)\r\n)\r\n\tat com.kms.katalon.core.keyword.internal.KeywordMain.stepFailed(KeywordMain.groovy:51)\r\n\tat com.kms.katalon.core.mobile.keyword.internal.MobileKeywordMain.stepFailed(MobileKeywordMain.groovy:40)\r\n\tat com.kms.katalon.core.mobile.keyword.internal.MobileKeywordMain.runKeyword(MobileKeywordMain.groovy:23)\r\n\tat com.kms.katalon.core.mobile.keyword.builtin.StartApplicationKeyword.startApplication(StartApplicationKeyword.groovy:63)\r\n\tat com.kms.katalon.core.mobile.keyword.builtin.StartApplicationKeyword.execute(StartApplicationKeyword.groovy:42)\r\n\tat com.kms.katalon.core.keyword.internal.KeywordExecutor.executeKeywordForPlatform(KeywordExecutor.groovy:74)\r\n\tat com.kms.katalon.core.mobile.keyword.MobileBuiltInKeywords.startApplication(MobileBuiltInKeywords.groovy:78)\r\n\tat com.kms.katalon.core.mobile.keyword.MobileBuiltInKeywords$startApplication.call(Unknown Source)\r\n\tat mobile.openApp(mobile.groovy:54)\r\n\tat ✽.i have opened the shopping list application(C:/Users/Angelin/Katalon Studio/MiniProject-Mobile/Include/features/mobile.feature:23)\r\nCaused by: java.lang.IllegalArgumentException: The mobile device is missing. Please select the mobile device to be executed and try again.\r\n\tat com.google.common.base.Preconditions.checkArgument(Preconditions.java:135)\r\n\tat com.kms.katalon.core.mobile.keyword.internal.MobileDriverFactory.startLocalMobileDriver(MobileDriverFactory.java:564)\r\n\tat com.kms.katalon.core.mobile.keyword.internal.MobileDriverFactory.startMobileDriver(MobileDriverFactory.java:481)\r\n\tat com.kms.katalon.core.mobile.keyword.builtin.StartApplicationKeyword$_startApplication_closure1.doCall(StartApplicationKeyword.groovy:61)\r\n\tat com.kms.katalon.core.mobile.keyword.builtin.StartApplicationKeyword$_startApplication_closure1.call(StartApplicationKeyword.groovy)\r\n\tat com.kms.katalon.core.mobile.keyword.internal.MobileKeywordMain.runKeyword(MobileKeywordMain.groovy:21)\r\n\tat com.kms.katalon.core.mobile.keyword.builtin.StartApplicationKeyword.startApplication(StartApplicationKeyword.groovy:63)\r\n\tat com.kms.katalon.core.mobile.keyword.builtin.StartApplicationKeyword.execute(StartApplicationKeyword.groovy:42)\r\n\tat com.kms.katalon.core.keyword.internal.KeywordExecutor.executeKeywordForPlatform(KeywordExecutor.groovy:74)\r\n\tat com.kms.katalon.core.mobile.keyword.MobileBuiltInKeywords.startApplication(MobileBuiltInKeywords.groovy:78)\r\n\tat com.kms.katalon.core.mobile.keyword.MobileBuiltInKeywords$startApplication.call(Unknown Source)\r\n\tat mobile.openApp(mobile.groovy:54)\r\n\tat cucumber.runtime.Utils$1.call(Utils.java:26)\r\n\tat cucumber.runtime.Timeout.timeout(Timeout.java:16)\r\n\tat cucumber.runtime.Utils.invoke(Utils.java:20)\r\n\tat cucumber.runtime.java.JavaStepDefinition.execute(JavaStepDefinition.java:48)\r\n\tat cucumber.runtime.PickleStepDefinitionMatch.runStep(PickleStepDefinitionMatch.java:50)\r\n\tat cucumber.runner.TestStep.executeStep(TestStep.java:70)\r\n\tat cucumber.runner.TestStep.run(TestStep.java:52)\r\n\tat cucumber.runner.PickleStepTestStep.run(PickleStepTestStep.java:53)\r\n\tat cucumber.runner.TestCase.run(TestCase.java:47)\r\n\tat cucumber.runner.Runner.runPickle(Runner.java:44)\r\n\tat cucumber.runtime.Runtime.runFeature(Runtime.java:120)\r\n\tat cucumber.runtime.Runtime.run(Runtime.java:106)\r\n\tat cucumber.api.cli.Main.run(Main.java:35)\r\n\tat cucumber.api.cli.Main$run.call(Unknown Source)\r\n\tat com.kms.katalon.core.cucumber.keyword.CucumberBuiltinKeywords$_runFeatureFile_closure1.doCall(CucumberBuiltinKeywords.groovy:108)\r\n\tat com.kms.katalon.core.cucumber.keyword.CucumberBuiltinKeywords$_runFeatureFile_closure1.doCall(CucumberBuiltinKeywords.groovy)\r\n\tat com.kms.katalon.core.keyword.internal.KeywordMain.runKeyword(KeywordMain.groovy:75)\r\n\tat com.kms.katalon.core.keyword.internal.KeywordMain.runKeyword(KeywordMain.groovy:69)\r\n\tat com.kms.katalon.core.keyword.internal.KeywordMain$runKeyword.call(Unknown Source)\r\n\tat com.kms.katalon.core.cucumber.keyword.CucumberBuiltinKeywords.runFeatureFile(CucumberBuiltinKeywords.groovy:75)\r\n\tat com.kms.katalon.core.cucumber.keyword.CucumberBuiltinKeywords$runFeatureFile$0.callStatic(Unknown Source)\r\n\tat com.kms.katalon.core.cucumber.keyword.CucumberBuiltinKeywords.runFeatureFile(CucumberBuiltinKeywords.groovy:248)\r\n\tat com.kms.katalon.core.cucumber.keyword.CucumberBuiltinKeywords$runFeatureFile.call(Unknown Source)\r\n\tat BDD.run(BDD:20)\r\n\tat com.kms.katalon.core.main.ScriptEngine.run(ScriptEngine.java:194)\r\n\tat com.kms.katalon.core.main.ScriptEngine.runScriptAsRawText(ScriptEngine.java:119)\r\n\tat com.kms.katalon.core.main.TestCaseExecutor.runScript(TestCaseExecutor.java:448)\r\n\tat com.kms.katalon.core.main.TestCaseExecutor.doExecute(TestCaseExecutor.java:439)\r\n\tat com.kms.katalon.core.main.TestCaseExecutor.processExecutionPhase(TestCaseExecutor.java:418)\r\n\tat com.kms.katalon.core.main.TestCaseExecutor.accessMainPhase(TestCaseExecutor.java:410)\r\n\tat com.kms.katalon.core.main.TestCaseExecutor.execute(TestCaseExecutor.java:285)\r\n\tat com.kms.katalon.core.common.CommonExecutor.accessTestCaseMainPhase(CommonExecutor.java:65)\r\n\tat com.kms.katalon.core.main.TestSuiteExecutor.accessTestSuiteMainPhase(TestSuiteExecutor.java:148)\r\n\tat com.kms.katalon.core.main.TestSuiteExecutor.execute(TestSuiteExecutor.java:106)\r\n\tat com.kms.katalon.core.main.TestCaseMain.startTestSuite(TestCaseMain.java:187)\r\n\tat com.kms.katalon.core.main.TestCaseMain$startTestSuite$0.call(Unknown Source)\r\n\tat TempTestSuite1698489900935.run(TempTestSuite1698489900935.groovy:36)\r\n",
              "duration": 7751900,
              "status": "failed"
            },
            "line": 23,
            "name": "i have opened the shopping list application",
            "match": {
              "location": "mobile.openApp()"
            },
            "keyword": "Given ",
            "BDD_STEP_UUID": "4aaa87b3-56f3-496c-b8e3-7a9b2924e2cd"
          }
        ]
      },
      {
        "BDD_TESTRUN_UUID": "7b0387cc-1c41-46ea-a9ad-7eea4cf631a6",
        "line": 58,
        "name": "Verify Reset Button in add form",
        "description": "",
        "id": "mobile-shooping-list-app-feature;verify-reset-button-in-add-form",
        "type": "scenario",
        "keyword": "Scenario",
        "steps": [
          {
            "result": {
              "status": "skipped"
            },
            "line": 59,
            "name": "user click the add + or button",
            "match": {
              "location": "mobile.userClickAddButton2()"
            },
            "keyword": "When ",
            "BDD_STEP_UUID": "bccbd1e3-f241-455b-b1c0-e917ccf6f074"
          },
          {
            "result": {
              "status": "skipped"
            },
            "line": 60,
            "name": "they fill the credentials to add an item",
            "match": {
              "location": "mobile.userFillAddForm()"
            },
            "keyword": "And ",
            "BDD_STEP_UUID": "1d716998-a87a-497f-b5b3-cb050c2f3276"
          },
          {
            "result": {
              "status": "skipped"
            },
            "line": 61,
            "name": "they tap the Reset button",
            "match": {
              "location": "mobile.userClickReset()"
            },
            "keyword": "And ",
            "BDD_STEP_UUID": "4e43429a-5e29-4f47-a705-c09fa0ee466f"
          },
          {
            "result": {
              "status": "skipped"
            },
            "line": 62,
            "name": "the feature or functionality should be reset to its initial state",
            "match": {
              "location": "mobile.formIsReseted()"
            },
            "keyword": "Then ",
            "BDD_STEP_UUID": "4e33000b-5595-4a1c-8726-d51e1770d4f0"
          }
        ],
        "tags": [
          {
            "name": "@tag"
          },
          {
            "name": "@tag5"
          }
        ]
      }
    ],
    "name": "Mobile Shooping List App Feature",
    "description": "",
    "id": "mobile-shooping-list-app-feature",
    "keyword": "Feature",
    "uri": "C:/Users/Angelin/Katalon Studio/MiniProject-Mobile/Include/features/mobile.feature",
    "tags": [
      {
        "name": "@tag",
        "type": "Tag",
        "location": {
          "line": 19,
          "column": 1
        }
      }
    ]
  }
]