[
  {
    "line": 20,
    "elements": [
      {
        "line": 22,
        "name": "",
        "description": "",
        "type": "background",
        "keyword": "Background",
        "steps": [
          {
            "result": {
              "duration": 25141796800,
              "status": "passed"
            },
            "line": 23,
            "name": "i have opened the shopping list application",
            "match": {
              "location": "mobile.openApp()"
            },
            "keyword": "Given "
          }
        ]
      },
      {
        "line": 26,
        "name": "Add an item to the list",
        "description": "",
        "id": "mobile-shooping-list-app-feature;add-an-item-to-the-list",
        "type": "scenario",
        "keyword": "Scenario",
        "steps": [
          {
            "result": {
              "duration": 1530647600,
              "status": "passed"
            },
            "line": 27,
            "name": "they tap the Add Item button",
            "match": {
              "location": "mobile.clickAddItem()"
            },
            "keyword": "When "
          },
          {
            "result": {
              "duration": 3253587300,
              "status": "passed"
            },
            "line": 28,
            "name": "they enter Cabbage as the item name",
            "match": {
              "location": "mobile.fillItemName()"
            },
            "keyword": "And "
          },
          {
            "result": {
              "duration": 2008515700,
              "status": "passed"
            },
            "line": 29,
            "name": "they enter 1 as the quantity",
            "match": {
              "location": "mobile.fillItemQuantity()"
            },
            "keyword": "And "
          },
          {
            "result": {
              "duration": 2023307800,
              "status": "passed"
            },
            "line": 30,
            "name": "they click the Add Item button",
            "match": {
              "location": "mobile.addItem()"
            },
            "keyword": "And "
          },
          {
            "result": {
              "error_message": "com.kms.katalon.core.exception.StepFailedException: Element \u0027Object Repository/cabbage\u0027 not found\r\n\tat com.kms.katalon.core.keyword.internal.KeywordMain.stepFailed(KeywordMain.groovy:51)\r\n\tat com.kms.katalon.core.mobile.keyword.internal.MobileKeywordMain.stepFailed(MobileKeywordMain.groovy:40)\r\n\tat com.kms.katalon.core.mobile.keyword.builtin.VerifyElementVisibleKeyword$_verifyElementVisible_closure1.doCall(VerifyElementVisibleKeyword.groovy:82)\r\n\tat com.kms.katalon.core.mobile.keyword.builtin.VerifyElementVisibleKeyword$_verifyElementVisible_closure1.call(VerifyElementVisibleKeyword.groovy)\r\n\tat com.kms.katalon.core.mobile.keyword.internal.MobileKeywordMain.runKeyword(MobileKeywordMain.groovy:21)\r\n\tat com.kms.katalon.core.mobile.keyword.builtin.VerifyElementVisibleKeyword.verifyElementVisible(VerifyElementVisibleKeyword.groovy:85)\r\n\tat com.kms.katalon.core.mobile.keyword.builtin.VerifyElementVisibleKeyword.execute(VerifyElementVisibleKeyword.groovy:64)\r\n\tat com.kms.katalon.core.keyword.internal.KeywordExecutor.executeKeywordForPlatform(KeywordExecutor.groovy:74)\r\n\tat com.kms.katalon.core.mobile.keyword.MobileBuiltInKeywords.verifyElementVisible(MobileBuiltInKeywords.groovy:2031)\r\n\tat com.kms.katalon.core.mobile.keyword.MobileBuiltInKeywords$verifyElementVisible$2.call(Unknown Source)\r\n\tat mobile.checkAddedItem(mobile.groovy:79)\r\n\tat ✽.the item Cabbage with a quantity of 1 should be added to the shopping list(C:/Users/Angelin/Katalon Studio/MiniProject-Mobile/Include/features/mobile.feature:31)\r\n",
              "duration": 31186107000,
              "status": "failed"
            },
            "line": 31,
            "name": "the item Cabbage with a quantity of 1 should be added to the shopping list",
            "match": {
              "location": "mobile.checkAddedItem()"
            },
            "keyword": "Then "
          }
        ],
        "tags": [
          {
            "name": "@tag"
          },
          {
            "name": "@tag1"
          }
        ]
      },
      {
        "line": 22,
        "name": "",
        "description": "",
        "type": "background",
        "keyword": "Background",
        "steps": [
          {
            "result": {
              "duration": 9014313500,
              "status": "passed"
            },
            "line": 23,
            "name": "i have opened the shopping list application",
            "match": {
              "location": "mobile.openApp()"
            },
            "keyword": "Given "
          }
        ]
      },
      {
        "line": 33,
        "name": "Add an empty item to the list",
        "description": "",
        "id": "mobile-shooping-list-app-feature;add-an-empty-item-to-the-list",
        "type": "scenario",
        "keyword": "Scenario",
        "steps": [
          {
            "result": {
              "duration": 3683904600,
              "status": "passed"
            },
            "line": 34,
            "name": "user tap the Add Item button",
            "match": {
              "location": "mobile.tapAddItem()"
            },
            "keyword": "When "
          },
          {
            "result": {
              "duration": 3515240400,
              "status": "passed"
            },
            "line": 35,
            "name": "they set the item name empty",
            "match": {
              "location": "mobile.fillItemNameEmpty()"
            },
            "keyword": "And "
          },
          {
            "result": {
              "duration": 1149870000,
              "status": "passed"
            },
            "line": 36,
            "name": "they enter 0 as the quantity",
            "match": {
              "location": "mobile.fillItemQuantity0()"
            },
            "keyword": "And "
          },
          {
            "result": {
              "duration": 686033200,
              "status": "passed"
            },
            "line": 37,
            "name": "user click the Add Item button",
            "match": {
              "location": "mobile.addEmptyItem()"
            },
            "keyword": "And "
          },
          {
            "result": {
              "duration": 699598100,
              "status": "passed"
            },
            "line": 38,
            "name": "the user will get error message informing user cant add empty items",
            "match": {
              "location": "mobile.errorMessageEmptyItems()"
            },
            "keyword": "Then "
          }
        ],
        "tags": [
          {
            "name": "@tag"
          },
          {
            "name": "@tag2"
          }
        ]
      },
      {
        "line": 22,
        "name": "",
        "description": "",
        "type": "background",
        "keyword": "Background",
        "steps": [
          {
            "result": {
              "duration": 12512855300,
              "status": "passed"
            },
            "line": 23,
            "name": "i have opened the shopping list application",
            "match": {
              "location": "mobile.openApp()"
            },
            "keyword": "Given "
          }
        ]
      },
      {
        "line": 46,
        "name": "Add an empty item to the list",
        "description": "",
        "id": "mobile-shooping-list-app-feature;add-an-empty-item-to-the-list",
        "type": "scenario",
        "keyword": "Scenario",
        "steps": [
          {
            "result": {
              "duration": 277589800,
              "status": "passed"
            },
            "line": 47,
            "name": "user is in the home screen",
            "match": {
              "location": "mobile.homeLabel()"
            },
            "keyword": "When "
          },
          {
            "result": {
              "duration": 202717500,
              "status": "passed"
            },
            "line": 48,
            "name": "the user will see the Home Header text",
            "match": {
              "location": "mobile.welcomeLabel()"
            },
            "keyword": "Then "
          }
        ],
        "tags": [
          {
            "name": "@tag"
          },
          {
            "name": "@tag3"
          }
        ]
      },
      {
        "line": 22,
        "name": "",
        "description": "",
        "type": "background",
        "keyword": "Background",
        "steps": [
          {
            "result": {
              "duration": 12188979500,
              "status": "passed"
            },
            "line": 23,
            "name": "i have opened the shopping list application",
            "match": {
              "location": "mobile.openApp()"
            },
            "keyword": "Given "
          }
        ]
      },
      {
        "line": 51,
        "name": "Verify Item Quanntity Input Field Validation",
        "description": "",
        "id": "mobile-shooping-list-app-feature;verify-item-quanntity-input-field-validation",
        "type": "scenario",
        "keyword": "Scenario",
        "steps": [
          {
            "result": {
              "duration": 1113958200,
              "status": "passed"
            },
            "line": 52,
            "name": "user tap the Add Item button or plus icon",
            "match": {
              "location": "mobile.userTapItemButton()"
            },
            "keyword": "When "
          },
          {
            "result": {
              "duration": 4799715100,
              "status": "passed"
            },
            "line": 53,
            "name": "they enter an invalid negative quantity for a new item",
            "match": {
              "location": "mobile.userAddInvalidQuantity()"
            },
            "keyword": "And "
          },
          {
            "result": {
              "duration": 752295200,
              "status": "passed"
            },
            "line": 54,
            "name": "they tap the Add button",
            "match": {
              "location": "mobile.userTapAddButton1()"
            },
            "keyword": "And "
          },
          {
            "result": {
              "duration": 751856900,
              "status": "passed"
            },
            "line": 55,
            "name": "the application should display an error message indicating that the quantity is invalid",
            "match": {
              "location": "mobile.quantityErrorMessage()"
            },
            "keyword": "Then "
          }
        ],
        "tags": [
          {
            "name": "@tag"
          },
          {
            "name": "@tag4"
          }
        ]
      },
      {
        "line": 22,
        "name": "",
        "description": "",
        "type": "background",
        "keyword": "Background",
        "steps": [
          {
            "result": {
              "duration": 11992339700,
              "status": "passed"
            },
            "line": 23,
            "name": "i have opened the shopping list application",
            "match": {
              "location": "mobile.openApp()"
            },
            "keyword": "Given "
          }
        ]
      },
      {
        "line": 58,
        "name": "Verify Reset Button in add form",
        "description": "",
        "id": "mobile-shooping-list-app-feature;verify-reset-button-in-add-form",
        "type": "scenario",
        "keyword": "Scenario",
        "steps": [
          {
            "result": {
              "duration": 1074767100,
              "status": "passed"
            },
            "line": 59,
            "name": "user click the add + or button",
            "match": {
              "location": "mobile.userClickAddButton2()"
            },
            "keyword": "When "
          },
          {
            "result": {
              "duration": 5069082700,
              "status": "passed"
            },
            "line": 60,
            "name": "they fill the credentials to add an item",
            "match": {
              "location": "mobile.userFillAddForm()"
            },
            "keyword": "And "
          },
          {
            "result": {
              "duration": 775953000,
              "status": "passed"
            },
            "line": 61,
            "name": "they tap the Reset button",
            "match": {
              "location": "mobile.userClickReset()"
            },
            "keyword": "And "
          },
          {
            "result": {
              "duration": 927093700,
              "status": "passed"
            },
            "line": 62,
            "name": "the feature or functionality should be reset to its initial state",
            "match": {
              "location": "mobile.formIsReseted()"
            },
            "keyword": "Then "
          }
        ],
        "tags": [
          {
            "name": "@tag"
          },
          {
            "name": "@tag5"
          }
        ]
      }
    ],
    "name": "Mobile Shooping List App Feature",
    "description": "",
    "id": "mobile-shooping-list-app-feature",
    "keyword": "Feature",
    "uri": "C:/Users/Angelin/Katalon Studio/MiniProject-Mobile/Include/features/mobile.feature",
    "tags": [
      {
        "name": "@tag",
        "type": "Tag",
        "location": {
          "line": 19,
          "column": 1
        }
      }
    ]
  }
]