[
  {
    "line": 20,
    "elements": [
      {
        "BDD_TESTRUN_UUID": "5161c529-a9dd-4acc-9936-a411e3aacaba",
        "line": 22,
        "name": "",
        "description": "",
        "type": "background",
        "keyword": "Background",
        "steps": [
          {
            "result": {
              "duration": 25141796800,
              "status": "passed"
            },
            "line": 23,
            "name": "i have opened the shopping list application",
            "match": {
              "location": "mobile.openApp()"
            },
            "keyword": "Given ",
            "BDD_STEP_UUID": "b445fb5a-c653-49be-bc32-d8a0c5b9f4c3"
          }
        ]
      },
      {
        "BDD_TESTRUN_UUID": "5161c529-a9dd-4acc-9936-a411e3aacaba",
        "line": 26,
        "name": "Add an item to the list",
        "description": "",
        "id": "mobile-shooping-list-app-feature;add-an-item-to-the-list",
        "type": "scenario",
        "keyword": "Scenario",
        "steps": [
          {
            "result": {
              "duration": 1530647600,
              "status": "passed"
            },
            "line": 27,
            "name": "they tap the Add Item button",
            "match": {
              "location": "mobile.clickAddItem()"
            },
            "keyword": "When ",
            "BDD_STEP_UUID": "2bb276dd-33fa-441c-8700-fb654b652080"
          },
          {
            "result": {
              "duration": 3253587300,
              "status": "passed"
            },
            "line": 28,
            "name": "they enter Cabbage as the item name",
            "match": {
              "location": "mobile.fillItemName()"
            },
            "keyword": "And ",
            "BDD_STEP_UUID": "8e5a0f5a-3f98-4935-bd4f-ec7fffaf371c"
          },
          {
            "result": {
              "duration": 2008515700,
              "status": "passed"
            },
            "line": 29,
            "name": "they enter 1 as the quantity",
            "match": {
              "location": "mobile.fillItemQuantity()"
            },
            "keyword": "And ",
            "BDD_STEP_UUID": "48df3026-23a2-4bdb-ad09-7bdec1795790"
          },
          {
            "result": {
              "duration": 2023307800,
              "status": "passed"
            },
            "line": 30,
            "name": "they click the Add Item button",
            "match": {
              "location": "mobile.addItem()"
            },
            "keyword": "And ",
            "BDD_STEP_UUID": "21c27c51-d29a-4fe0-82d0-e52b830df434"
          },
          {
            "result": {
              "error_message": "com.kms.katalon.core.exception.StepFailedException: Element \u0027Object Repository/cabbage\u0027 not found\r\n\tat com.kms.katalon.core.keyword.internal.KeywordMain.stepFailed(KeywordMain.groovy:51)\r\n\tat com.kms.katalon.core.mobile.keyword.internal.MobileKeywordMain.stepFailed(MobileKeywordMain.groovy:40)\r\n\tat com.kms.katalon.core.mobile.keyword.builtin.VerifyElementVisibleKeyword$_verifyElementVisible_closure1.doCall(VerifyElementVisibleKeyword.groovy:82)\r\n\tat com.kms.katalon.core.mobile.keyword.builtin.VerifyElementVisibleKeyword$_verifyElementVisible_closure1.call(VerifyElementVisibleKeyword.groovy)\r\n\tat com.kms.katalon.core.mobile.keyword.internal.MobileKeywordMain.runKeyword(MobileKeywordMain.groovy:21)\r\n\tat com.kms.katalon.core.mobile.keyword.builtin.VerifyElementVisibleKeyword.verifyElementVisible(VerifyElementVisibleKeyword.groovy:85)\r\n\tat com.kms.katalon.core.mobile.keyword.builtin.VerifyElementVisibleKeyword.execute(VerifyElementVisibleKeyword.groovy:64)\r\n\tat com.kms.katalon.core.keyword.internal.KeywordExecutor.executeKeywordForPlatform(KeywordExecutor.groovy:74)\r\n\tat com.kms.katalon.core.mobile.keyword.MobileBuiltInKeywords.verifyElementVisible(MobileBuiltInKeywords.groovy:2031)\r\n\tat com.kms.katalon.core.mobile.keyword.MobileBuiltInKeywords$verifyElementVisible$2.call(Unknown Source)\r\n\tat mobile.checkAddedItem(mobile.groovy:79)\r\n\tat ✽.the item Cabbage with a quantity of 1 should be added to the shopping list(C:/Users/Angelin/Katalon Studio/MiniProject-Mobile/Include/features/mobile.feature:31)\r\n",
              "duration": 31186107000,
              "status": "failed"
            },
            "line": 31,
            "name": "the item Cabbage with a quantity of 1 should be added to the shopping list",
            "match": {
              "location": "mobile.checkAddedItem()"
            },
            "keyword": "Then ",
            "BDD_STEP_UUID": "d1659076-d564-43cf-96ba-d1bbdaaaffff"
          }
        ],
        "tags": [
          {
            "name": "@tag"
          },
          {
            "name": "@tag1"
          }
        ]
      },
      {
        "BDD_TESTRUN_UUID": "48424b80-0375-49b8-893b-9fde8908624f",
        "line": 22,
        "name": "",
        "description": "",
        "type": "background",
        "keyword": "Background",
        "steps": [
          {
            "result": {
              "duration": 9014313500,
              "status": "passed"
            },
            "line": 23,
            "name": "i have opened the shopping list application",
            "match": {
              "location": "mobile.openApp()"
            },
            "keyword": "Given ",
            "BDD_STEP_UUID": "3c19bd42-7263-4cf0-bc58-70bb99328362"
          }
        ]
      },
      {
        "BDD_TESTRUN_UUID": "48424b80-0375-49b8-893b-9fde8908624f",
        "line": 33,
        "name": "Add an empty item to the list",
        "description": "",
        "id": "mobile-shooping-list-app-feature;add-an-empty-item-to-the-list",
        "type": "scenario",
        "keyword": "Scenario",
        "steps": [
          {
            "result": {
              "duration": 3683904600,
              "status": "passed"
            },
            "line": 34,
            "name": "user tap the Add Item button",
            "match": {
              "location": "mobile.tapAddItem()"
            },
            "keyword": "When ",
            "BDD_STEP_UUID": "2c9fdc50-8668-4aa9-bf98-73000d15e147"
          },
          {
            "result": {
              "duration": 3515240400,
              "status": "passed"
            },
            "line": 35,
            "name": "they set the item name empty",
            "match": {
              "location": "mobile.fillItemNameEmpty()"
            },
            "keyword": "And ",
            "BDD_STEP_UUID": "6c8f7702-29dc-4e33-a368-0a65844b251c"
          },
          {
            "result": {
              "duration": 1149870000,
              "status": "passed"
            },
            "line": 36,
            "name": "they enter 0 as the quantity",
            "match": {
              "location": "mobile.fillItemQuantity0()"
            },
            "keyword": "And ",
            "BDD_STEP_UUID": "2bfd52d7-e58b-4ab7-9d74-df87b4d99745"
          },
          {
            "result": {
              "duration": 686033200,
              "status": "passed"
            },
            "line": 37,
            "name": "user click the Add Item button",
            "match": {
              "location": "mobile.addEmptyItem()"
            },
            "keyword": "And ",
            "BDD_STEP_UUID": "193cd7e2-7d1f-4ea8-9e33-07df22edf35c"
          },
          {
            "result": {
              "duration": 699598100,
              "status": "passed"
            },
            "line": 38,
            "name": "the user will get error message informing user cant add empty items",
            "match": {
              "location": "mobile.errorMessageEmptyItems()"
            },
            "keyword": "Then ",
            "BDD_STEP_UUID": "628e5ff1-71a2-4271-900d-aa511c4a7a20"
          }
        ],
        "tags": [
          {
            "name": "@tag"
          },
          {
            "name": "@tag2"
          }
        ]
      },
      {
        "BDD_TESTRUN_UUID": "f6ca4dc0-8143-4ca8-ae43-606190237306",
        "line": 22,
        "name": "",
        "description": "",
        "type": "background",
        "keyword": "Background",
        "steps": [
          {
            "result": {
              "duration": 12512855300,
              "status": "passed"
            },
            "line": 23,
            "name": "i have opened the shopping list application",
            "match": {
              "location": "mobile.openApp()"
            },
            "keyword": "Given ",
            "BDD_STEP_UUID": "8b4fd148-3e36-41f1-92e8-70375610db2a"
          }
        ]
      },
      {
        "BDD_TESTRUN_UUID": "f6ca4dc0-8143-4ca8-ae43-606190237306",
        "line": 46,
        "name": "Add an empty item to the list",
        "description": "",
        "id": "mobile-shooping-list-app-feature;add-an-empty-item-to-the-list",
        "type": "scenario",
        "keyword": "Scenario",
        "steps": [
          {
            "result": {
              "duration": 277589800,
              "status": "passed"
            },
            "line": 47,
            "name": "user is in the home screen",
            "match": {
              "location": "mobile.homeLabel()"
            },
            "keyword": "When ",
            "BDD_STEP_UUID": "a01990c6-777e-4266-9193-3d6c136b4eea"
          },
          {
            "result": {
              "duration": 202717500,
              "status": "passed"
            },
            "line": 48,
            "name": "the user will see the Home Header text",
            "match": {
              "location": "mobile.welcomeLabel()"
            },
            "keyword": "Then ",
            "BDD_STEP_UUID": "3be86e21-eba3-4e9d-ac4b-6ebd7d95678d"
          }
        ],
        "tags": [
          {
            "name": "@tag"
          },
          {
            "name": "@tag3"
          }
        ]
      },
      {
        "BDD_TESTRUN_UUID": "b2226872-8aea-448b-bcc0-9395232955c2",
        "line": 22,
        "name": "",
        "description": "",
        "type": "background",
        "keyword": "Background",
        "steps": [
          {
            "result": {
              "duration": 12188979500,
              "status": "passed"
            },
            "line": 23,
            "name": "i have opened the shopping list application",
            "match": {
              "location": "mobile.openApp()"
            },
            "keyword": "Given ",
            "BDD_STEP_UUID": "3c6b4ffa-0db9-4589-9ebe-b4b18ae4715c"
          }
        ]
      },
      {
        "BDD_TESTRUN_UUID": "b2226872-8aea-448b-bcc0-9395232955c2",
        "line": 51,
        "name": "Verify Item Quanntity Input Field Validation",
        "description": "",
        "id": "mobile-shooping-list-app-feature;verify-item-quanntity-input-field-validation",
        "type": "scenario",
        "keyword": "Scenario",
        "steps": [
          {
            "result": {
              "duration": 1113958200,
              "status": "passed"
            },
            "line": 52,
            "name": "user tap the Add Item button or plus icon",
            "match": {
              "location": "mobile.userTapItemButton()"
            },
            "keyword": "When ",
            "BDD_STEP_UUID": "577a472a-07ed-492e-a74d-7ac38ae7cdad"
          },
          {
            "result": {
              "duration": 4799715100,
              "status": "passed"
            },
            "line": 53,
            "name": "they enter an invalid negative quantity for a new item",
            "match": {
              "location": "mobile.userAddInvalidQuantity()"
            },
            "keyword": "And ",
            "BDD_STEP_UUID": "4a477a61-e1ce-4671-a7e1-1245c80706cf"
          },
          {
            "result": {
              "duration": 752295200,
              "status": "passed"
            },
            "line": 54,
            "name": "they tap the Add button",
            "match": {
              "location": "mobile.userTapAddButton1()"
            },
            "keyword": "And ",
            "BDD_STEP_UUID": "ef26c585-fc0a-409d-b1fb-472d260795c7"
          },
          {
            "result": {
              "duration": 751856900,
              "status": "passed"
            },
            "line": 55,
            "name": "the application should display an error message indicating that the quantity is invalid",
            "match": {
              "location": "mobile.quantityErrorMessage()"
            },
            "keyword": "Then ",
            "BDD_STEP_UUID": "c44b3f5d-4f15-4540-a495-1ebc5f65764e"
          }
        ],
        "tags": [
          {
            "name": "@tag"
          },
          {
            "name": "@tag4"
          }
        ]
      },
      {
        "BDD_TESTRUN_UUID": "ab502442-5ceb-4548-b3ea-0e52411bc91f",
        "line": 22,
        "name": "",
        "description": "",
        "type": "background",
        "keyword": "Background",
        "steps": [
          {
            "result": {
              "duration": 11992339700,
              "status": "passed"
            },
            "line": 23,
            "name": "i have opened the shopping list application",
            "match": {
              "location": "mobile.openApp()"
            },
            "keyword": "Given ",
            "BDD_STEP_UUID": "c7d58fa6-c6bf-4cc4-9893-4002f0c8b735"
          }
        ]
      },
      {
        "BDD_TESTRUN_UUID": "ab502442-5ceb-4548-b3ea-0e52411bc91f",
        "line": 58,
        "name": "Verify Reset Button in add form",
        "description": "",
        "id": "mobile-shooping-list-app-feature;verify-reset-button-in-add-form",
        "type": "scenario",
        "keyword": "Scenario",
        "steps": [
          {
            "result": {
              "duration": 1074767100,
              "status": "passed"
            },
            "line": 59,
            "name": "user click the add + or button",
            "match": {
              "location": "mobile.userClickAddButton2()"
            },
            "keyword": "When ",
            "BDD_STEP_UUID": "d4a7bb79-5418-48e4-8098-9e6dcdc205c8"
          },
          {
            "result": {
              "duration": 5069082700,
              "status": "passed"
            },
            "line": 60,
            "name": "they fill the credentials to add an item",
            "match": {
              "location": "mobile.userFillAddForm()"
            },
            "keyword": "And ",
            "BDD_STEP_UUID": "dafac818-1497-42c7-b8e9-133b53fe0382"
          },
          {
            "result": {
              "duration": 775953000,
              "status": "passed"
            },
            "line": 61,
            "name": "they tap the Reset button",
            "match": {
              "location": "mobile.userClickReset()"
            },
            "keyword": "And ",
            "BDD_STEP_UUID": "6cfc9df9-39ab-4665-b2b2-cfe8ff2edfea"
          },
          {
            "result": {
              "duration": 927093700,
              "status": "passed"
            },
            "line": 62,
            "name": "the feature or functionality should be reset to its initial state",
            "match": {
              "location": "mobile.formIsReseted()"
            },
            "keyword": "Then ",
            "BDD_STEP_UUID": "64bd5110-7f6b-412d-992b-38c6776ea988"
          }
        ],
        "tags": [
          {
            "name": "@tag"
          },
          {
            "name": "@tag5"
          }
        ]
      }
    ],
    "name": "Mobile Shooping List App Feature",
    "description": "",
    "id": "mobile-shooping-list-app-feature",
    "keyword": "Feature",
    "uri": "C:/Users/Angelin/Katalon Studio/MiniProject-Mobile/Include/features/mobile.feature",
    "tags": [
      {
        "name": "@tag",
        "type": "Tag",
        "location": {
          "line": 19,
          "column": 1
        }
      }
    ]
  }
]