[
  {
    "line": 20,
    "elements": [
      {
        "line": 22,
        "name": "",
        "description": "",
        "type": "background",
        "keyword": "Background",
        "steps": [
          {
            "result": {
              "duration": 21366213500,
              "status": "passed"
            },
            "line": 23,
            "name": "i have opened the shopping list application",
            "match": {
              "location": "mobile.openApp()"
            },
            "keyword": "Given "
          }
        ]
      },
      {
        "line": 26,
        "name": "Add an item to the list",
        "description": "",
        "id": "mobile-shooping-list-app-feature;add-an-item-to-the-list",
        "type": "scenario",
        "keyword": "Scenario",
        "steps": [
          {
            "result": {
              "duration": 796687900,
              "status": "passed"
            },
            "line": 27,
            "name": "they tap the Add Item button",
            "match": {
              "location": "mobile.clickAddItem()"
            },
            "keyword": "When "
          },
          {
            "result": {
              "duration": 2449611500,
              "status": "passed"
            },
            "line": 28,
            "name": "they enter Cabbage as the item name",
            "match": {
              "location": "mobile.fillItemName()"
            },
            "keyword": "And "
          },
          {
            "result": {
              "duration": 2689775600,
              "status": "passed"
            },
            "line": 29,
            "name": "they enter 1 as the quantity",
            "match": {
              "location": "mobile.fillItemQuantity()"
            },
            "keyword": "And "
          },
          {
            "result": {
              "duration": 1839355100,
              "status": "passed"
            },
            "line": 30,
            "name": "they click the Add Item button",
            "match": {
              "location": "mobile.addItem()"
            },
            "keyword": "And "
          },
          {
            "result": {
              "duration": 114115800,
              "status": "passed"
            },
            "line": 31,
            "name": "the item Cabbage with a quantity of 1 should be added to the shopping list",
            "match": {
              "location": "mobile.checkAddedItem()"
            },
            "keyword": "Then "
          }
        ],
        "tags": [
          {
            "name": "@tag"
          },
          {
            "name": "@tag1"
          }
        ]
      },
      {
        "line": 22,
        "name": "",
        "description": "",
        "type": "background",
        "keyword": "Background",
        "steps": [
          {
            "result": {
              "duration": 7080233100,
              "status": "passed"
            },
            "line": 23,
            "name": "i have opened the shopping list application",
            "match": {
              "location": "mobile.openApp()"
            },
            "keyword": "Given "
          }
        ]
      },
      {
        "line": 33,
        "name": "Add an empty item to the list",
        "description": "",
        "id": "mobile-shooping-list-app-feature;add-an-empty-item-to-the-list",
        "type": "scenario",
        "keyword": "Scenario",
        "steps": [
          {
            "result": {
              "duration": 917099000,
              "status": "passed"
            },
            "line": 34,
            "name": "user tap the Add Item button",
            "match": {
              "location": "mobile.tapAddItem()"
            },
            "keyword": "When "
          },
          {
            "result": {
              "duration": 2153996900,
              "status": "passed"
            },
            "line": 35,
            "name": "they set the item name empty",
            "match": {
              "location": "mobile.fillItemNameEmpty()"
            },
            "keyword": "And "
          },
          {
            "result": {
              "duration": 1002847500,
              "status": "passed"
            },
            "line": 36,
            "name": "they enter 0 as the quantity",
            "match": {
              "location": "mobile.fillItemQuantity0()"
            },
            "keyword": "And "
          },
          {
            "result": {
              "duration": 1247429600,
              "status": "passed"
            },
            "line": 37,
            "name": "user click the Add Item button",
            "match": {
              "location": "mobile.addEmptyItem()"
            },
            "keyword": "And "
          },
          {
            "result": {
              "duration": 113122500,
              "status": "passed"
            },
            "line": 38,
            "name": "the user will get error message informing user cant add empty items",
            "match": {
              "location": "mobile.errorMessageEmptyItems()"
            },
            "keyword": "Then "
          }
        ],
        "tags": [
          {
            "name": "@tag"
          },
          {
            "name": "@tag2"
          }
        ]
      },
      {
        "line": 22,
        "name": "",
        "description": "",
        "type": "background",
        "keyword": "Background",
        "steps": [
          {
            "result": {
              "duration": 7072278300,
              "status": "passed"
            },
            "line": 23,
            "name": "i have opened the shopping list application",
            "match": {
              "location": "mobile.openApp()"
            },
            "keyword": "Given "
          }
        ]
      },
      {
        "line": 46,
        "name": "Add an empty item to the list",
        "description": "",
        "id": "mobile-shooping-list-app-feature;add-an-empty-item-to-the-list",
        "type": "scenario",
        "keyword": "Scenario",
        "steps": [
          {
            "result": {
              "duration": 145688200,
              "status": "passed"
            },
            "line": 47,
            "name": "user is in the home screen",
            "match": {
              "location": "mobile.homeLabel()"
            },
            "keyword": "When "
          },
          {
            "result": {
              "duration": 124209900,
              "status": "passed"
            },
            "line": 48,
            "name": "the user will see the Home Header text",
            "match": {
              "location": "mobile.welcomeLabel()"
            },
            "keyword": "Then "
          }
        ],
        "tags": [
          {
            "name": "@tag"
          },
          {
            "name": "@tag3"
          }
        ]
      },
      {
        "line": 22,
        "name": "",
        "description": "",
        "type": "background",
        "keyword": "Background",
        "steps": [
          {
            "result": {
              "duration": 6941783600,
              "status": "passed"
            },
            "line": 23,
            "name": "i have opened the shopping list application",
            "match": {
              "location": "mobile.openApp()"
            },
            "keyword": "Given "
          }
        ]
      },
      {
        "line": 51,
        "name": "Verify Item Quanntity Input Field Validation",
        "description": "",
        "id": "mobile-shooping-list-app-feature;verify-item-quanntity-input-field-validation",
        "type": "scenario",
        "keyword": "Scenario",
        "steps": [
          {
            "result": {
              "duration": 949472700,
              "status": "passed"
            },
            "line": 52,
            "name": "user tap the Add Item button or plus icon",
            "match": {
              "location": "mobile.userTapItemButton()"
            },
            "keyword": "When "
          },
          {
            "result": {
              "duration": 3743884000,
              "status": "passed"
            },
            "line": 53,
            "name": "they enter an invalid negative quantity for a new item",
            "match": {
              "location": "mobile.userAddInvalidQuantity()"
            },
            "keyword": "And "
          },
          {
            "result": {
              "duration": 1207985900,
              "status": "passed"
            },
            "line": 54,
            "name": "they tap the Add button",
            "match": {
              "location": "mobile.userTapAddButton1()"
            },
            "keyword": "And "
          },
          {
            "result": {
              "duration": 113388000,
              "status": "passed"
            },
            "line": 55,
            "name": "the application should display an error message indicating that the quantity is invalid",
            "match": {
              "location": "mobile.quantityErrorMessage()"
            },
            "keyword": "Then "
          }
        ],
        "tags": [
          {
            "name": "@tag"
          },
          {
            "name": "@tag4"
          }
        ]
      },
      {
        "line": 22,
        "name": "",
        "description": "",
        "type": "background",
        "keyword": "Background",
        "steps": [
          {
            "result": {
              "duration": 6911166400,
              "status": "passed"
            },
            "line": 23,
            "name": "i have opened the shopping list application",
            "match": {
              "location": "mobile.openApp()"
            },
            "keyword": "Given "
          }
        ]
      },
      {
        "line": 58,
        "name": "Verify Reset Button in add form",
        "description": "",
        "id": "mobile-shooping-list-app-feature;verify-reset-button-in-add-form",
        "type": "scenario",
        "keyword": "Scenario",
        "steps": [
          {
            "result": {
              "duration": 887318200,
              "status": "passed"
            },
            "line": 59,
            "name": "user click the add + or button",
            "match": {
              "location": "mobile.userClickAddButton2()"
            },
            "keyword": "When "
          },
          {
            "result": {
              "duration": 3735674500,
              "status": "passed"
            },
            "line": 60,
            "name": "they fill the credentials to add an item",
            "match": {
              "location": "mobile.userFillAddForm()"
            },
            "keyword": "And "
          },
          {
            "result": {
              "duration": 1165857600,
              "status": "passed"
            },
            "line": 61,
            "name": "they tap the Reset button",
            "match": {
              "location": "mobile.userClickReset()"
            },
            "keyword": "And "
          },
          {
            "result": {
              "duration": 288722700,
              "status": "passed"
            },
            "line": 62,
            "name": "the feature or functionality should be reset to its initial state",
            "match": {
              "location": "mobile.formIsReseted()"
            },
            "keyword": "Then "
          }
        ],
        "tags": [
          {
            "name": "@tag"
          },
          {
            "name": "@tag5"
          }
        ]
      }
    ],
    "name": "Mobile Shooping List App Feature",
    "description": "",
    "id": "mobile-shooping-list-app-feature",
    "keyword": "Feature",
    "uri": "C:/Users/Angelin/Katalon Studio/MiniProject-Mobile/Include/features/mobile.feature",
    "tags": [
      {
        "name": "@tag",
        "type": "Tag",
        "location": {
          "line": 19,
          "column": 1
        }
      }
    ]
  }
]