[
  {
    "line": 20,
    "elements": [
      {
        "BDD_TESTRUN_UUID": "07742fcf-da94-4824-b01f-c7b03207c3cc",
        "line": 22,
        "name": "",
        "description": "",
        "type": "background",
        "keyword": "Background",
        "steps": [
          {
            "result": {
              "duration": 21366213500,
              "status": "passed"
            },
            "line": 23,
            "name": "i have opened the shopping list application",
            "match": {
              "location": "mobile.openApp()"
            },
            "keyword": "Given ",
            "BDD_STEP_UUID": "f770c313-abc8-4cdd-85c7-b48bd12a32c8"
          }
        ]
      },
      {
        "BDD_TESTRUN_UUID": "07742fcf-da94-4824-b01f-c7b03207c3cc",
        "line": 26,
        "name": "Add an item to the list",
        "description": "",
        "id": "mobile-shooping-list-app-feature;add-an-item-to-the-list",
        "type": "scenario",
        "keyword": "Scenario",
        "steps": [
          {
            "result": {
              "duration": 796687900,
              "status": "passed"
            },
            "line": 27,
            "name": "they tap the Add Item button",
            "match": {
              "location": "mobile.clickAddItem()"
            },
            "keyword": "When ",
            "BDD_STEP_UUID": "dee7a95e-9713-4031-9594-8d4235f6701d"
          },
          {
            "result": {
              "duration": 2449611500,
              "status": "passed"
            },
            "line": 28,
            "name": "they enter Cabbage as the item name",
            "match": {
              "location": "mobile.fillItemName()"
            },
            "keyword": "And ",
            "BDD_STEP_UUID": "debdc472-a1d0-4dba-8b31-73e74afc0982"
          },
          {
            "result": {
              "duration": 2689775600,
              "status": "passed"
            },
            "line": 29,
            "name": "they enter 1 as the quantity",
            "match": {
              "location": "mobile.fillItemQuantity()"
            },
            "keyword": "And ",
            "BDD_STEP_UUID": "50db966d-32cb-4f0c-b097-7c24b9526018"
          },
          {
            "result": {
              "duration": 1839355100,
              "status": "passed"
            },
            "line": 30,
            "name": "they click the Add Item button",
            "match": {
              "location": "mobile.addItem()"
            },
            "keyword": "And ",
            "BDD_STEP_UUID": "1b06a913-af39-4ef0-bc59-f2b5ccc00270"
          },
          {
            "result": {
              "duration": 114115800,
              "status": "passed"
            },
            "line": 31,
            "name": "the item Cabbage with a quantity of 1 should be added to the shopping list",
            "match": {
              "location": "mobile.checkAddedItem()"
            },
            "keyword": "Then ",
            "BDD_STEP_UUID": "d69bb950-94f0-40fa-8674-ce02b033fabc"
          }
        ],
        "tags": [
          {
            "name": "@tag"
          },
          {
            "name": "@tag1"
          }
        ]
      },
      {
        "BDD_TESTRUN_UUID": "e7aa578a-00da-497c-a275-47254a7a1892",
        "line": 22,
        "name": "",
        "description": "",
        "type": "background",
        "keyword": "Background",
        "steps": [
          {
            "result": {
              "duration": 7080233100,
              "status": "passed"
            },
            "line": 23,
            "name": "i have opened the shopping list application",
            "match": {
              "location": "mobile.openApp()"
            },
            "keyword": "Given ",
            "BDD_STEP_UUID": "75ef8b61-c2ff-4b5e-b4b4-46dfc5ce594c"
          }
        ]
      },
      {
        "BDD_TESTRUN_UUID": "e7aa578a-00da-497c-a275-47254a7a1892",
        "line": 33,
        "name": "Add an empty item to the list",
        "description": "",
        "id": "mobile-shooping-list-app-feature;add-an-empty-item-to-the-list",
        "type": "scenario",
        "keyword": "Scenario",
        "steps": [
          {
            "result": {
              "duration": 917099000,
              "status": "passed"
            },
            "line": 34,
            "name": "user tap the Add Item button",
            "match": {
              "location": "mobile.tapAddItem()"
            },
            "keyword": "When ",
            "BDD_STEP_UUID": "47e93af0-ffec-4124-b295-f95ae5b11240"
          },
          {
            "result": {
              "duration": 2153996900,
              "status": "passed"
            },
            "line": 35,
            "name": "they set the item name empty",
            "match": {
              "location": "mobile.fillItemNameEmpty()"
            },
            "keyword": "And ",
            "BDD_STEP_UUID": "310a7849-3f06-48b1-9f61-80ef5c0ff40b"
          },
          {
            "result": {
              "duration": 1002847500,
              "status": "passed"
            },
            "line": 36,
            "name": "they enter 0 as the quantity",
            "match": {
              "location": "mobile.fillItemQuantity0()"
            },
            "keyword": "And ",
            "BDD_STEP_UUID": "ccaa636e-714a-4cb3-8e92-b2b24936180d"
          },
          {
            "result": {
              "duration": 1247429600,
              "status": "passed"
            },
            "line": 37,
            "name": "user click the Add Item button",
            "match": {
              "location": "mobile.addEmptyItem()"
            },
            "keyword": "And ",
            "BDD_STEP_UUID": "f837d753-e6ef-4d50-b5cf-49ca76ced096"
          },
          {
            "result": {
              "duration": 113122500,
              "status": "passed"
            },
            "line": 38,
            "name": "the user will get error message informing user cant add empty items",
            "match": {
              "location": "mobile.errorMessageEmptyItems()"
            },
            "keyword": "Then ",
            "BDD_STEP_UUID": "8ae6fb8b-9309-478d-991d-c08e899da22f"
          }
        ],
        "tags": [
          {
            "name": "@tag"
          },
          {
            "name": "@tag2"
          }
        ]
      },
      {
        "BDD_TESTRUN_UUID": "f0372264-3de0-4064-a75c-cf26332ef2ae",
        "line": 22,
        "name": "",
        "description": "",
        "type": "background",
        "keyword": "Background",
        "steps": [
          {
            "result": {
              "duration": 7072278300,
              "status": "passed"
            },
            "line": 23,
            "name": "i have opened the shopping list application",
            "match": {
              "location": "mobile.openApp()"
            },
            "keyword": "Given ",
            "BDD_STEP_UUID": "13a44ae5-c7c8-4843-9507-5999d12773a1"
          }
        ]
      },
      {
        "BDD_TESTRUN_UUID": "f0372264-3de0-4064-a75c-cf26332ef2ae",
        "line": 46,
        "name": "Add an empty item to the list",
        "description": "",
        "id": "mobile-shooping-list-app-feature;add-an-empty-item-to-the-list",
        "type": "scenario",
        "keyword": "Scenario",
        "steps": [
          {
            "result": {
              "duration": 145688200,
              "status": "passed"
            },
            "line": 47,
            "name": "user is in the home screen",
            "match": {
              "location": "mobile.homeLabel()"
            },
            "keyword": "When ",
            "BDD_STEP_UUID": "2db80b4f-c5b4-4172-aba7-4ec584e645eb"
          },
          {
            "result": {
              "duration": 124209900,
              "status": "passed"
            },
            "line": 48,
            "name": "the user will see the Home Header text",
            "match": {
              "location": "mobile.welcomeLabel()"
            },
            "keyword": "Then ",
            "BDD_STEP_UUID": "06b25376-ffd2-499e-b927-84b2d8efcbd0"
          }
        ],
        "tags": [
          {
            "name": "@tag"
          },
          {
            "name": "@tag3"
          }
        ]
      },
      {
        "BDD_TESTRUN_UUID": "e8e24441-c9f7-4f4b-b31f-8ce5cc72369d",
        "line": 22,
        "name": "",
        "description": "",
        "type": "background",
        "keyword": "Background",
        "steps": [
          {
            "result": {
              "duration": 6941783600,
              "status": "passed"
            },
            "line": 23,
            "name": "i have opened the shopping list application",
            "match": {
              "location": "mobile.openApp()"
            },
            "keyword": "Given ",
            "BDD_STEP_UUID": "046ccf50-0c6f-466a-a8f3-0f3ea438aa11"
          }
        ]
      },
      {
        "BDD_TESTRUN_UUID": "e8e24441-c9f7-4f4b-b31f-8ce5cc72369d",
        "line": 51,
        "name": "Verify Item Quanntity Input Field Validation",
        "description": "",
        "id": "mobile-shooping-list-app-feature;verify-item-quanntity-input-field-validation",
        "type": "scenario",
        "keyword": "Scenario",
        "steps": [
          {
            "result": {
              "duration": 949472700,
              "status": "passed"
            },
            "line": 52,
            "name": "user tap the Add Item button or plus icon",
            "match": {
              "location": "mobile.userTapItemButton()"
            },
            "keyword": "When ",
            "BDD_STEP_UUID": "7e22ad4c-5024-4aa7-8245-4367f8b51193"
          },
          {
            "result": {
              "duration": 3743884000,
              "status": "passed"
            },
            "line": 53,
            "name": "they enter an invalid negative quantity for a new item",
            "match": {
              "location": "mobile.userAddInvalidQuantity()"
            },
            "keyword": "And ",
            "BDD_STEP_UUID": "c25633c3-386e-482a-89e4-c0c870ae5342"
          },
          {
            "result": {
              "duration": 1207985900,
              "status": "passed"
            },
            "line": 54,
            "name": "they tap the Add button",
            "match": {
              "location": "mobile.userTapAddButton1()"
            },
            "keyword": "And ",
            "BDD_STEP_UUID": "f1007a9a-459f-4d5f-a174-b8d50b639886"
          },
          {
            "result": {
              "duration": 113388000,
              "status": "passed"
            },
            "line": 55,
            "name": "the application should display an error message indicating that the quantity is invalid",
            "match": {
              "location": "mobile.quantityErrorMessage()"
            },
            "keyword": "Then ",
            "BDD_STEP_UUID": "a9580440-9c69-4546-919d-a7fe039f027f"
          }
        ],
        "tags": [
          {
            "name": "@tag"
          },
          {
            "name": "@tag4"
          }
        ]
      },
      {
        "BDD_TESTRUN_UUID": "ce87f729-c654-4bab-bfd6-02035489ea7e",
        "line": 22,
        "name": "",
        "description": "",
        "type": "background",
        "keyword": "Background",
        "steps": [
          {
            "result": {
              "duration": 6911166400,
              "status": "passed"
            },
            "line": 23,
            "name": "i have opened the shopping list application",
            "match": {
              "location": "mobile.openApp()"
            },
            "keyword": "Given ",
            "BDD_STEP_UUID": "b1682c85-8d6a-45e6-8779-2f7c75f4f78b"
          }
        ]
      },
      {
        "BDD_TESTRUN_UUID": "ce87f729-c654-4bab-bfd6-02035489ea7e",
        "line": 58,
        "name": "Verify Reset Button in add form",
        "description": "",
        "id": "mobile-shooping-list-app-feature;verify-reset-button-in-add-form",
        "type": "scenario",
        "keyword": "Scenario",
        "steps": [
          {
            "result": {
              "duration": 887318200,
              "status": "passed"
            },
            "line": 59,
            "name": "user click the add + or button",
            "match": {
              "location": "mobile.userClickAddButton2()"
            },
            "keyword": "When ",
            "BDD_STEP_UUID": "3c2ee860-175c-40f0-a8be-405532b91028"
          },
          {
            "result": {
              "duration": 3735674500,
              "status": "passed"
            },
            "line": 60,
            "name": "they fill the credentials to add an item",
            "match": {
              "location": "mobile.userFillAddForm()"
            },
            "keyword": "And ",
            "BDD_STEP_UUID": "cd9ee02a-ed7d-49a7-b846-a709ecc8aca7"
          },
          {
            "result": {
              "duration": 1165857600,
              "status": "passed"
            },
            "line": 61,
            "name": "they tap the Reset button",
            "match": {
              "location": "mobile.userClickReset()"
            },
            "keyword": "And ",
            "BDD_STEP_UUID": "d015ff88-ed79-44ce-a77b-45a92f66f326"
          },
          {
            "result": {
              "duration": 288722700,
              "status": "passed"
            },
            "line": 62,
            "name": "the feature or functionality should be reset to its initial state",
            "match": {
              "location": "mobile.formIsReseted()"
            },
            "keyword": "Then ",
            "BDD_STEP_UUID": "cfdca525-e34d-4971-8a5e-c75860c272e6"
          }
        ],
        "tags": [
          {
            "name": "@tag"
          },
          {
            "name": "@tag5"
          }
        ]
      }
    ],
    "name": "Mobile Shooping List App Feature",
    "description": "",
    "id": "mobile-shooping-list-app-feature",
    "keyword": "Feature",
    "uri": "C:/Users/Angelin/Katalon Studio/MiniProject-Mobile/Include/features/mobile.feature",
    "tags": [
      {
        "name": "@tag",
        "type": "Tag",
        "location": {
          "line": 19,
          "column": 1
        }
      }
    ]
  }
]