[
  {
    "line": 20,
    "elements": [
      {
        "line": 23,
        "name": "",
        "description": "",
        "type": "background",
        "keyword": "Background",
        "steps": [
          {
            "result": {
              "duration": 2488638500,
              "status": "passed"
            },
            "line": 24,
            "name": "I am on the Alta Shop website",
            "match": {
              "location": "web.onTheWebsite()"
            },
            "keyword": "Given "
          }
        ]
      },
      {
        "line": 27,
        "name": "View Transaction History",
        "description": "",
        "id": "web;view-transaction-history",
        "type": "scenario",
        "keyword": "Scenario",
        "steps": [
          {
            "result": {
              "duration": 5136206000,
              "status": "passed"
            },
            "line": 28,
            "name": "I am logged into my account",
            "match": {
              "location": "web.iLoggedin3()"
            },
            "keyword": "When "
          },
          {
            "result": {
              "error_message": "com.kms.katalon.core.exception.StepFailedException: Unable to click on object \u0027Object Repository/Profile/Profile button\u0027\r\n\tat com.kms.katalon.core.webui.keyword.internal.WebUIKeywordMain.stepFailed(WebUIKeywordMain.groovy:64)\r\n\tat com.kms.katalon.core.webui.keyword.internal.WebUIKeywordMain.runKeyword(WebUIKeywordMain.groovy:26)\r\n\tat com.kms.katalon.core.webui.keyword.builtin.ClickKeyword.click(ClickKeyword.groovy:74)\r\n\tat com.kms.katalon.core.webui.keyword.builtin.ClickKeyword.execute(ClickKeyword.groovy:40)\r\n\tat com.kms.katalon.core.keyword.internal.KeywordExecutor.executeKeywordForPlatform(KeywordExecutor.groovy:74)\r\n\tat com.kms.katalon.core.webui.keyword.WebUiBuiltInKeywords.click(WebUiBuiltInKeywords.groovy:620)\r\n\tat com.kms.katalon.core.webui.keyword.WebUiBuiltInKeywords$click$0.call(Unknown Source)\r\n\tat web.iClickTransaction(web.groovy:64)\r\n\tat ✽.I navigate to the Transaction History(C:/Users/Angelin/Katalon Studio/MiniProject-Web/Include/features/web.feature:29)\r\nCaused by: org.openqa.selenium.WebDriverException: disconnected: not connected to DevTools\n  (failed to check if window was closed: disconnected: not connected to DevTools)\n  (Session info: chrome\u003d118.0.5993.118)\nBuild info: version: \u00273.141.59\u0027, revision: \u0027e82be7d358\u0027, time: \u00272018-11-14T08:25:53\u0027\nSystem info: host: \u0027ANGELINE\u0027, ip: \u002710.10.1.177\u0027, os.name: \u0027Windows 11\u0027, os.arch: \u0027amd64\u0027, os.version: \u002710.0\u0027, java.version: \u00271.8.0_362\u0027\nDriver info: com.kms.katalon.selenium.driver.CChromeDriver\nCapabilities {acceptInsecureCerts: false, browserName: chrome, browserVersion: 118.0.5993.118, chrome: {chromedriverVersion: 118.0.5993.70 (e52f33f30b91..., userDataDir: C:\\Users\\Angelin\\AppData\\Lo...}, fedcm:accounts: true, goog:chromeOptions: {debuggerAddress: localhost:61593}, javascriptEnabled: true, networkConnectionEnabled: false, pageLoadStrategy: normal, platform: WINDOWS, platformName: WINDOWS, proxy: Proxy(), setWindowRect: true, strictFileInteractability: false, timeouts: {implicit: 0, pageLoad: 300000, script: 30000}, unhandledPromptBehavior: dismiss and notify, webauthn:extension:credBlob: true, webauthn:extension:largeBlob: true, webauthn:extension:minPinLength: true, webauthn:extension:prf: true, webauthn:virtualAuthenticators: true}\nSession ID: b77d11ea420bab97161ff93fecb77e46\n*** Element info: {Using\u003dxpath, value\u003d/html/body/div/div/header/div/button[2]}\r\n\tat org.openqa.selenium.remote.http.W3CHttpResponseCodec.createException(W3CHttpResponseCodec.java:187)\r\n\tat org.openqa.selenium.remote.http.W3CHttpResponseCodec.decode(W3CHttpResponseCodec.java:122)\r\n\tat org.openqa.selenium.remote.http.W3CHttpResponseCodec.decode(W3CHttpResponseCodec.java:49)\r\n\tat org.openqa.selenium.remote.HttpCommandExecutor.execute(HttpCommandExecutor.java:158)\r\n\tat org.openqa.selenium.remote.service.DriverCommandExecutor.execute(DriverCommandExecutor.java:83)\r\n\tat org.openqa.selenium.remote.RemoteWebDriver.execute(RemoteWebDriver.java:552)\r\n\tat com.kms.katalon.selenium.driver.CChromeDriver.execute(CChromeDriver.java:19)\r\n\tat org.openqa.selenium.remote.RemoteWebDriver.findElements(RemoteWebDriver.java:353)\r\n\tat org.openqa.selenium.remote.RemoteWebDriver.findElementsByXPath(RemoteWebDriver.java:432)\r\n\tat org.openqa.selenium.By$ByXPath.findElements(By.java:348)\r\n\tat org.openqa.selenium.remote.RemoteWebDriver.findElements(RemoteWebDriver.java:311)\r\n\tat org.openqa.selenium.support.events.EventFiringWebDriver.lambda$new$1(EventFiringWebDriver.java:105)\r\n\tat com.sun.proxy.$Proxy17.findElements(Unknown Source)\r\n\tat org.openqa.selenium.support.events.EventFiringWebDriver.findElements(EventFiringWebDriver.java:182)\r\n\tat com.kms.katalon.core.webui.common.WebUiCommonHelper.findElementByNormalMethods(WebUiCommonHelper.java:1027)\r\n\tat com.kms.katalon.core.webui.common.WebUiCommonHelper.findElementsBySelectedMethod(WebUiCommonHelper.java:919)\r\n\tat com.kms.katalon.core.webui.common.WebUiCommonHelper.findElementsBySelectedMethod(WebUiCommonHelper.java:901)\r\n\tat com.kms.katalon.core.webui.common.WebUiCommonHelper.findElementsBySelectedMethod(WebUiCommonHelper.java:896)\r\n\tat com.kms.katalon.core.webui.common.WebUiCommonHelper.findElementsByDefault(WebUiCommonHelper.java:892)\r\n\tat com.kms.katalon.core.webui.common.WebUiCommonHelper.findWebElements(WebUiCommonHelper.java:720)\r\n\tat com.kms.katalon.core.webui.common.WebUiCommonHelper.findWebElement(WebUiCommonHelper.java:1376)\r\n\tat com.kms.katalon.core.webui.keyword.internal.WebUIAbstractKeyword.findWebElement(WebUIAbstractKeyword.groovy:27)\r\n\tat com.kms.katalon.core.webui.keyword.builtin.ClickKeyword$_click_closure1.doCall(ClickKeyword.groovy:65)\r\n\tat com.kms.katalon.core.webui.keyword.builtin.ClickKeyword$_click_closure1.call(ClickKeyword.groovy)\r\n\tat com.kms.katalon.core.webui.keyword.internal.WebUIKeywordMain.runKeyword(WebUIKeywordMain.groovy:20)\r\n\tat com.kms.katalon.core.webui.keyword.builtin.ClickKeyword.click(ClickKeyword.groovy:74)\r\n\tat com.kms.katalon.core.webui.keyword.builtin.ClickKeyword.execute(ClickKeyword.groovy:40)\r\n\tat com.kms.katalon.core.keyword.internal.KeywordExecutor.executeKeywordForPlatform(KeywordExecutor.groovy:74)\r\n\tat com.kms.katalon.core.webui.keyword.WebUiBuiltInKeywords.click(WebUiBuiltInKeywords.groovy:620)\r\n\tat com.kms.katalon.core.webui.keyword.WebUiBuiltInKeywords$click$0.call(Unknown Source)\r\n\tat web.iClickTransaction(web.groovy:64)\r\n\tat cucumber.runtime.Utils$1.call(Utils.java:26)\r\n\tat cucumber.runtime.Timeout.timeout(Timeout.java:16)\r\n\tat cucumber.runtime.Utils.invoke(Utils.java:20)\r\n\tat cucumber.runtime.java.JavaStepDefinition.execute(JavaStepDefinition.java:48)\r\n\tat cucumber.runtime.PickleStepDefinitionMatch.runStep(PickleStepDefinitionMatch.java:50)\r\n\tat cucumber.runner.TestStep.executeStep(TestStep.java:70)\r\n\tat cucumber.runner.TestStep.run(TestStep.java:52)\r\n\tat cucumber.runner.PickleStepTestStep.run(PickleStepTestStep.java:53)\r\n\tat cucumber.runner.TestCase.run(TestCase.java:47)\r\n\tat cucumber.runner.Runner.runPickle(Runner.java:44)\r\n\tat cucumber.runtime.Runtime.runFeature(Runtime.java:120)\r\n\tat cucumber.runtime.Runtime.run(Runtime.java:106)\r\n\tat cucumber.api.cli.Main.run(Main.java:35)\r\n\tat cucumber.api.cli.Main$run.call(Unknown Source)\r\n\tat com.kms.katalon.core.cucumber.keyword.CucumberBuiltinKeywords$_runFeatureFile_closure1.doCall(CucumberBuiltinKeywords.groovy:108)\r\n\tat com.kms.katalon.core.cucumber.keyword.CucumberBuiltinKeywords$_runFeatureFile_closure1.doCall(CucumberBuiltinKeywords.groovy)\r\n\tat com.kms.katalon.core.keyword.internal.KeywordMain.runKeyword(KeywordMain.groovy:75)\r\n\tat com.kms.katalon.core.keyword.internal.KeywordMain.runKeyword(KeywordMain.groovy:69)\r\n\tat com.kms.katalon.core.keyword.internal.KeywordMain$runKeyword.call(Unknown Source)\r\n\tat com.kms.katalon.core.cucumber.keyword.CucumberBuiltinKeywords.runFeatureFile(CucumberBuiltinKeywords.groovy:75)\r\n\tat com.kms.katalon.core.cucumber.keyword.CucumberBuiltinKeywords$runFeatureFile$0.callStatic(Unknown Source)\r\n\tat com.kms.katalon.core.cucumber.keyword.CucumberBuiltinKeywords.runFeatureFile(CucumberBuiltinKeywords.groovy:248)\r\n\tat com.kms.katalon.core.cucumber.keyword.CucumberBuiltinKeywords$runFeatureFile.call(Unknown Source)\r\n\tat BDD.run(BDD:20)\r\n\tat com.kms.katalon.core.main.ScriptEngine.run(ScriptEngine.java:194)\r\n\tat com.kms.katalon.core.main.ScriptEngine.runScriptAsRawText(ScriptEngine.java:119)\r\n\tat com.kms.katalon.core.main.TestCaseExecutor.runScript(TestCaseExecutor.java:448)\r\n\tat com.kms.katalon.core.main.TestCaseExecutor.doExecute(TestCaseExecutor.java:439)\r\n\tat com.kms.katalon.core.main.TestCaseExecutor.processExecutionPhase(TestCaseExecutor.java:418)\r\n\tat com.kms.katalon.core.main.TestCaseExecutor.accessMainPhase(TestCaseExecutor.java:410)\r\n\tat com.kms.katalon.core.main.TestCaseExecutor.execute(TestCaseExecutor.java:285)\r\n\tat com.kms.katalon.core.common.CommonExecutor.accessTestCaseMainPhase(CommonExecutor.java:65)\r\n\tat com.kms.katalon.core.main.TestSuiteExecutor.accessTestSuiteMainPhase(TestSuiteExecutor.java:148)\r\n\tat com.kms.katalon.core.main.TestSuiteExecutor.execute(TestSuiteExecutor.java:106)\r\n\tat com.kms.katalon.core.main.TestCaseMain.startTestSuite(TestCaseMain.java:187)\r\n\tat com.kms.katalon.core.main.TestCaseMain$startTestSuite$0.call(Unknown Source)\r\n\tat TempTestSuite1698489115965.run(TempTestSuite1698489115965.groovy:36)\r\n",
              "duration": 3838431500,
              "status": "failed"
            },
            "line": 29,
            "name": "I navigate to the Transaction History",
            "match": {
              "location": "web.iClickTransaction()"
            },
            "keyword": "And "
          },
          {
            "result": {
              "status": "skipped"
            },
            "line": 30,
            "name": "I should see a list of my previous transactions",
            "match": {
              "location": "web.iSeeTransactionHistory()"
            },
            "keyword": "Then "
          }
        ],
        "tags": [
          {
            "name": "@tag"
          },
          {
            "name": "@tag1"
          }
        ]
      },
      {
        "line": 23,
        "name": "",
        "description": "",
        "type": "background",
        "keyword": "Background",
        "steps": [
          {
            "result": {
              "duration": 2225559600,
              "status": "passed"
            },
            "line": 24,
            "name": "I am on the Alta Shop website",
            "match": {
              "location": "web.onTheWebsite()"
            },
            "keyword": "Given "
          }
        ]
      },
      {
        "line": 33,
        "name": "View product details",
        "description": "",
        "id": "web;view-product-details",
        "type": "scenario",
        "keyword": "Scenario",
        "steps": [
          {
            "result": {
              "duration": 2938101500,
              "status": "passed"
            },
            "line": 34,
            "name": "I click on the product to view its details",
            "match": {
              "location": "web.iSelectProductDetail()"
            },
            "keyword": "When "
          },
          {
            "result": {
              "duration": 923915500,
              "status": "passed"
            },
            "line": 35,
            "name": "The product detail page should open with accurate product information",
            "match": {
              "location": "web.viewDetailProduct()"
            },
            "keyword": "Then "
          }
        ],
        "tags": [
          {
            "name": "@tag"
          },
          {
            "name": "@tag2"
          }
        ]
      },
      {
        "line": 23,
        "name": "",
        "description": "",
        "type": "background",
        "keyword": "Background",
        "steps": [
          {
            "result": {
              "duration": 2314380200,
              "status": "passed"
            },
            "line": 24,
            "name": "I am on the Alta Shop website",
            "match": {
              "location": "web.onTheWebsite()"
            },
            "keyword": "Given "
          }
        ]
      },
      {
        "line": 38,
        "name": "Checkout items on cart",
        "description": "",
        "id": "web;checkout-items-on-cart",
        "type": "scenario",
        "keyword": "Scenario",
        "steps": [
          {
            "result": {
              "duration": 4822592800,
              "status": "passed"
            },
            "line": 39,
            "name": "I login to my account",
            "match": {
              "location": "web.iLogin()"
            },
            "keyword": "When "
          },
          {
            "result": {
              "duration": 4221025900,
              "status": "passed"
            },
            "line": 40,
            "name": "I click on the product Beli button to add to cart",
            "match": {
              "location": "web.iClickBeli()"
            },
            "keyword": "And "
          },
          {
            "result": {
              "duration": 593228700,
              "status": "passed"
            },
            "line": 41,
            "name": "I click the Checkout button",
            "match": {
              "location": "web.iClickCheckout()"
            },
            "keyword": "And "
          },
          {
            "result": {
              "duration": 904389600,
              "status": "passed"
            },
            "line": 42,
            "name": "I should get success notification",
            "match": {
              "location": "web.getSuccessCheckoutNotif()"
            },
            "keyword": "Then "
          }
        ],
        "tags": [
          {
            "name": "@tag"
          },
          {
            "name": "@tag3"
          }
        ]
      },
      {
        "line": 23,
        "name": "",
        "description": "",
        "type": "background",
        "keyword": "Background",
        "steps": [
          {
            "result": {
              "duration": 2361465100,
              "status": "passed"
            },
            "line": 24,
            "name": "I am on the Alta Shop website",
            "match": {
              "location": "web.onTheWebsite()"
            },
            "keyword": "Given "
          }
        ]
      },
      {
        "line": 45,
        "name": "Checkout items on cart without login",
        "description": "",
        "id": "web;checkout-items-on-cart-without-login",
        "type": "scenario",
        "keyword": "Scenario",
        "steps": [
          {
            "result": {
              "error_message": "com.kms.katalon.core.exception.StepFailedException: Unable to click on object \u0027Object Repository/Product/Beli Button\u0027\r\n\tat com.kms.katalon.core.webui.keyword.internal.WebUIKeywordMain.stepFailed(WebUIKeywordMain.groovy:64)\r\n\tat com.kms.katalon.core.webui.keyword.internal.WebUIKeywordMain.runKeyword(WebUIKeywordMain.groovy:26)\r\n\tat com.kms.katalon.core.webui.keyword.builtin.ClickKeyword.click(ClickKeyword.groovy:74)\r\n\tat com.kms.katalon.core.webui.keyword.builtin.ClickKeyword.execute(ClickKeyword.groovy:40)\r\n\tat com.kms.katalon.core.keyword.internal.KeywordExecutor.executeKeywordForPlatform(KeywordExecutor.groovy:74)\r\n\tat com.kms.katalon.core.webui.keyword.WebUiBuiltInKeywords.click(WebUiBuiltInKeywords.groovy:620)\r\n\tat com.kms.katalon.core.webui.keyword.WebUiBuiltInKeywords$click$0.call(Unknown Source)\r\n\tat web.iAddProduct(web.groovy:134)\r\n\tat ✽.I add a product to the shopping cart(C:/Users/Angelin/Katalon Studio/MiniProject-Web/Include/features/web.feature:46)\r\nCaused by: org.openqa.selenium.NoSuchWindowException: no such window: target window already closed\nfrom unknown error: web view not found\n  (Session info: chrome\u003d118.0.5993.118)\nBuild info: version: \u00273.141.59\u0027, revision: \u0027e82be7d358\u0027, time: \u00272018-11-14T08:25:53\u0027\nSystem info: host: \u0027ANGELINE\u0027, ip: \u002710.10.1.177\u0027, os.name: \u0027Windows 11\u0027, os.arch: \u0027amd64\u0027, os.version: \u002710.0\u0027, java.version: \u00271.8.0_362\u0027\nDriver info: com.kms.katalon.selenium.driver.CChromeDriver\nCapabilities {acceptInsecureCerts: false, browserName: chrome, browserVersion: 118.0.5993.118, chrome: {chromedriverVersion: 118.0.5993.70 (e52f33f30b91..., userDataDir: C:\\Users\\Angelin\\AppData\\Lo...}, fedcm:accounts: true, goog:chromeOptions: {debuggerAddress: localhost:61670}, javascriptEnabled: true, networkConnectionEnabled: false, pageLoadStrategy: normal, platform: WINDOWS, platformName: WINDOWS, proxy: Proxy(), setWindowRect: true, strictFileInteractability: false, timeouts: {implicit: 0, pageLoad: 300000, script: 30000}, unhandledPromptBehavior: dismiss and notify, webauthn:extension:credBlob: true, webauthn:extension:largeBlob: true, webauthn:extension:minPinLength: true, webauthn:extension:prf: true, webauthn:virtualAuthenticators: true}\nSession ID: f0015f3b01e890ab992db1b196991b36\n*** Element info: {Using\u003dxpath, value\u003d/html/body/div/div/main/div/div/div[2]/div/div[1]/div/div[3]/div[2]/button[2]}\r\n\tat org.openqa.selenium.remote.http.W3CHttpResponseCodec.createException(W3CHttpResponseCodec.java:187)\r\n\tat org.openqa.selenium.remote.http.W3CHttpResponseCodec.decode(W3CHttpResponseCodec.java:122)\r\n\tat org.openqa.selenium.remote.http.W3CHttpResponseCodec.decode(W3CHttpResponseCodec.java:49)\r\n\tat org.openqa.selenium.remote.HttpCommandExecutor.execute(HttpCommandExecutor.java:158)\r\n\tat org.openqa.selenium.remote.service.DriverCommandExecutor.execute(DriverCommandExecutor.java:83)\r\n\tat org.openqa.selenium.remote.RemoteWebDriver.execute(RemoteWebDriver.java:552)\r\n\tat com.kms.katalon.selenium.driver.CChromeDriver.execute(CChromeDriver.java:19)\r\n\tat org.openqa.selenium.remote.RemoteWebDriver.findElements(RemoteWebDriver.java:353)\r\n\tat org.openqa.selenium.remote.RemoteWebDriver.findElementsByXPath(RemoteWebDriver.java:432)\r\n\tat org.openqa.selenium.By$ByXPath.findElements(By.java:348)\r\n\tat org.openqa.selenium.remote.RemoteWebDriver.findElements(RemoteWebDriver.java:311)\r\n\tat org.openqa.selenium.support.events.EventFiringWebDriver.lambda$new$1(EventFiringWebDriver.java:105)\r\n\tat com.sun.proxy.$Proxy17.findElements(Unknown Source)\r\n\tat org.openqa.selenium.support.events.EventFiringWebDriver.findElements(EventFiringWebDriver.java:182)\r\n\tat com.kms.katalon.core.webui.common.WebUiCommonHelper.findElementByNormalMethods(WebUiCommonHelper.java:1027)\r\n\tat com.kms.katalon.core.webui.common.WebUiCommonHelper.findElementsBySelectedMethod(WebUiCommonHelper.java:919)\r\n\tat com.kms.katalon.core.webui.common.WebUiCommonHelper.findElementsBySelectedMethod(WebUiCommonHelper.java:901)\r\n\tat com.kms.katalon.core.webui.common.WebUiCommonHelper.findElementsBySelectedMethod(WebUiCommonHelper.java:896)\r\n\tat com.kms.katalon.core.webui.common.WebUiCommonHelper.findElementsByDefault(WebUiCommonHelper.java:892)\r\n\tat com.kms.katalon.core.webui.common.WebUiCommonHelper.findWebElements(WebUiCommonHelper.java:720)\r\n\tat com.kms.katalon.core.webui.common.WebUiCommonHelper.findWebElement(WebUiCommonHelper.java:1376)\r\n\tat com.kms.katalon.core.webui.keyword.internal.WebUIAbstractKeyword.findWebElement(WebUIAbstractKeyword.groovy:27)\r\n\tat com.kms.katalon.core.webui.keyword.builtin.ClickKeyword$_click_closure1.doCall(ClickKeyword.groovy:65)\r\n\tat com.kms.katalon.core.webui.keyword.builtin.ClickKeyword$_click_closure1.call(ClickKeyword.groovy)\r\n\tat com.kms.katalon.core.webui.keyword.internal.WebUIKeywordMain.runKeyword(WebUIKeywordMain.groovy:20)\r\n\tat com.kms.katalon.core.webui.keyword.builtin.ClickKeyword.click(ClickKeyword.groovy:74)\r\n\tat com.kms.katalon.core.webui.keyword.builtin.ClickKeyword.execute(ClickKeyword.groovy:40)\r\n\tat com.kms.katalon.core.keyword.internal.KeywordExecutor.executeKeywordForPlatform(KeywordExecutor.groovy:74)\r\n\tat com.kms.katalon.core.webui.keyword.WebUiBuiltInKeywords.click(WebUiBuiltInKeywords.groovy:620)\r\n\tat com.kms.katalon.core.webui.keyword.WebUiBuiltInKeywords$click$0.call(Unknown Source)\r\n\tat web.iAddProduct(web.groovy:134)\r\n\tat cucumber.runtime.Utils$1.call(Utils.java:26)\r\n\tat cucumber.runtime.Timeout.timeout(Timeout.java:16)\r\n\tat cucumber.runtime.Utils.invoke(Utils.java:20)\r\n\tat cucumber.runtime.java.JavaStepDefinition.execute(JavaStepDefinition.java:48)\r\n\tat cucumber.runtime.PickleStepDefinitionMatch.runStep(PickleStepDefinitionMatch.java:50)\r\n\tat cucumber.runner.TestStep.executeStep(TestStep.java:70)\r\n\tat cucumber.runner.TestStep.run(TestStep.java:52)\r\n\tat cucumber.runner.PickleStepTestStep.run(PickleStepTestStep.java:53)\r\n\tat cucumber.runner.TestCase.run(TestCase.java:47)\r\n\tat cucumber.runner.Runner.runPickle(Runner.java:44)\r\n\tat cucumber.runtime.Runtime.runFeature(Runtime.java:120)\r\n\tat cucumber.runtime.Runtime.run(Runtime.java:106)\r\n\tat cucumber.api.cli.Main.run(Main.java:35)\r\n\tat cucumber.api.cli.Main$run.call(Unknown Source)\r\n\tat com.kms.katalon.core.cucumber.keyword.CucumberBuiltinKeywords$_runFeatureFile_closure1.doCall(CucumberBuiltinKeywords.groovy:108)\r\n\tat com.kms.katalon.core.cucumber.keyword.CucumberBuiltinKeywords$_runFeatureFile_closure1.doCall(CucumberBuiltinKeywords.groovy)\r\n\tat com.kms.katalon.core.keyword.internal.KeywordMain.runKeyword(KeywordMain.groovy:75)\r\n\tat com.kms.katalon.core.keyword.internal.KeywordMain.runKeyword(KeywordMain.groovy:69)\r\n\tat com.kms.katalon.core.keyword.internal.KeywordMain$runKeyword.call(Unknown Source)\r\n\tat com.kms.katalon.core.cucumber.keyword.CucumberBuiltinKeywords.runFeatureFile(CucumberBuiltinKeywords.groovy:75)\r\n\tat com.kms.katalon.core.cucumber.keyword.CucumberBuiltinKeywords$runFeatureFile$0.callStatic(Unknown Source)\r\n\tat com.kms.katalon.core.cucumber.keyword.CucumberBuiltinKeywords.runFeatureFile(CucumberBuiltinKeywords.groovy:248)\r\n\tat com.kms.katalon.core.cucumber.keyword.CucumberBuiltinKeywords$runFeatureFile.call(Unknown Source)\r\n\tat BDD.run(BDD:20)\r\n\tat com.kms.katalon.core.main.ScriptEngine.run(ScriptEngine.java:194)\r\n\tat com.kms.katalon.core.main.ScriptEngine.runScriptAsRawText(ScriptEngine.java:119)\r\n\tat com.kms.katalon.core.main.TestCaseExecutor.runScript(TestCaseExecutor.java:448)\r\n\tat com.kms.katalon.core.main.TestCaseExecutor.doExecute(TestCaseExecutor.java:439)\r\n\tat com.kms.katalon.core.main.TestCaseExecutor.processExecutionPhase(TestCaseExecutor.java:418)\r\n\tat com.kms.katalon.core.main.TestCaseExecutor.accessMainPhase(TestCaseExecutor.java:410)\r\n\tat com.kms.katalon.core.main.TestCaseExecutor.execute(TestCaseExecutor.java:285)\r\n\tat com.kms.katalon.core.common.CommonExecutor.accessTestCaseMainPhase(CommonExecutor.java:65)\r\n\tat com.kms.katalon.core.main.TestSuiteExecutor.accessTestSuiteMainPhase(TestSuiteExecutor.java:148)\r\n\tat com.kms.katalon.core.main.TestSuiteExecutor.execute(TestSuiteExecutor.java:106)\r\n\tat com.kms.katalon.core.main.TestCaseMain.startTestSuite(TestCaseMain.java:187)\r\n\tat com.kms.katalon.core.main.TestCaseMain$startTestSuite$0.call(Unknown Source)\r\n\tat TempTestSuite1698489115965.run(TempTestSuite1698489115965.groovy:36)\r\n",
              "duration": 1105759900,
              "status": "failed"
            },
            "line": 46,
            "name": "I add a product to the shopping cart",
            "match": {
              "location": "web.iAddProduct()"
            },
            "keyword": "When "
          },
          {
            "result": {
              "status": "skipped"
            },
            "line": 47,
            "name": "I proceed to checkout",
            "match": {
              "location": "web.iCheckout()"
            },
            "keyword": "And "
          },
          {
            "result": {
              "status": "skipped"
            },
            "line": 48,
            "name": "I should be prompted to log in or continue as a guest",
            "match": {
              "location": "web.iRediresctToLogin()"
            },
            "keyword": "Then "
          }
        ],
        "tags": [
          {
            "name": "@tag"
          },
          {
            "name": "@tag4"
          }
        ]
      },
      {
        "line": 23,
        "name": "",
        "description": "",
        "type": "background",
        "keyword": "Background",
        "steps": [
          {
            "result": {
              "duration": 2237733400,
              "status": "passed"
            },
            "line": 24,
            "name": "I am on the Alta Shop website",
            "match": {
              "location": "web.onTheWebsite()"
            },
            "keyword": "Given "
          }
        ]
      },
      {
        "line": 51,
        "name": "Invalid login",
        "description": "",
        "id": "web;invalid-login",
        "type": "scenario",
        "keyword": "Scenario",
        "steps": [
          {
            "result": {
              "duration": 2783725100,
              "status": "passed"
            },
            "line": 52,
            "name": "I click the Login button",
            "match": {
              "location": "web.iClickLogin()"
            },
            "keyword": "When "
          },
          {
            "result": {
              "duration": 2061164600,
              "status": "passed"
            },
            "line": 53,
            "name": "I enter invalid login credentials",
            "match": {
              "location": "web.iEnterInvalidLoginCredentials()"
            },
            "keyword": "And "
          },
          {
            "result": {
              "duration": 353281400,
              "status": "passed"
            },
            "line": 54,
            "name": "I click the Login button to login",
            "match": {
              "location": "web.iClickLoginToLogin()"
            },
            "keyword": "And "
          },
          {
            "result": {
              "duration": 559879400,
              "status": "passed"
            },
            "line": 55,
            "name": "I should receive an error message indicating invalid credentials",
            "match": {
              "location": "web.iGetErrorLoginMessage()"
            },
            "keyword": "Then "
          }
        ],
        "tags": [
          {
            "name": "@tag"
          },
          {
            "name": "@tag5"
          }
        ]
      },
      {
        "line": 23,
        "name": "",
        "description": "",
        "type": "background",
        "keyword": "Background",
        "steps": [
          {
            "result": {
              "duration": 2332315900,
              "status": "passed"
            },
            "line": 24,
            "name": "I am on the Alta Shop website",
            "match": {
              "location": "web.onTheWebsite()"
            },
            "keyword": "Given "
          }
        ]
      },
      {
        "line": 58,
        "name": "Valid Login",
        "description": "",
        "id": "web;valid-login",
        "type": "scenario",
        "keyword": "Scenario",
        "steps": [
          {
            "result": {
              "duration": 2916168900,
              "status": "passed"
            },
            "line": 59,
            "name": "I tap the Login button",
            "match": {
              "location": "web.iClickLogin2()"
            },
            "keyword": "When "
          },
          {
            "result": {
              "duration": 2032035400,
              "status": "passed"
            },
            "line": 60,
            "name": "I enter valid login credentials",
            "match": {
              "location": "web.iEnterValidLoginCredentials()"
            },
            "keyword": "And "
          },
          {
            "result": {
              "duration": 358167500,
              "status": "passed"
            },
            "line": 61,
            "name": "I tap the Login button to login to my account",
            "match": {
              "location": "web.iClickLoginToLogin2()"
            },
            "keyword": "And "
          },
          {
            "result": {
              "duration": 3712273000,
              "status": "passed"
            },
            "line": 62,
            "name": "I should successfully log into my account",
            "match": {
              "location": "web.iSuccesfullyLoginToMyAccount()"
            },
            "keyword": "Then "
          }
        ],
        "tags": [
          {
            "name": "@tag"
          },
          {
            "name": "@tag6"
          }
        ]
      },
      {
        "line": 23,
        "name": "",
        "description": "",
        "type": "background",
        "keyword": "Background",
        "steps": [
          {
            "result": {
              "duration": 2359137000,
              "status": "passed"
            },
            "line": 24,
            "name": "I am on the Alta Shop website",
            "match": {
              "location": "web.onTheWebsite()"
            },
            "keyword": "Given "
          }
        ]
      },
      {
        "line": 65,
        "name": "Invalid Register",
        "description": "",
        "id": "web;invalid-register",
        "type": "scenario",
        "keyword": "Scenario",
        "steps": [
          {
            "result": {
              "duration": 3287421300,
              "status": "passed"
            },
            "line": 66,
            "name": "I navigate to the registration page",
            "match": {
              "location": "web.iNavigateRegister()"
            },
            "keyword": "When "
          },
          {
            "result": {
              "duration": 2515899000,
              "status": "passed"
            },
            "line": 67,
            "name": "I submit the registration form without filling in any fields",
            "match": {
              "location": "web.iSubmitEmptyRegistrationForm()"
            },
            "keyword": "And "
          },
          {
            "result": {
              "duration": 543482600,
              "status": "passed"
            },
            "line": 68,
            "name": "I should see validation errors indicating that all fields are required",
            "match": {
              "location": "web.iGetErrorRegisterMessage()"
            },
            "keyword": "Then "
          }
        ],
        "tags": [
          {
            "name": "@tag"
          },
          {
            "name": "@tag7"
          }
        ]
      },
      {
        "line": 23,
        "name": "",
        "description": "",
        "type": "background",
        "keyword": "Background",
        "steps": [
          {
            "result": {
              "duration": 2503366900,
              "status": "passed"
            },
            "line": 24,
            "name": "I am on the Alta Shop website",
            "match": {
              "location": "web.onTheWebsite()"
            },
            "keyword": "Given "
          }
        ]
      },
      {
        "line": 71,
        "name": "Valid Register",
        "description": "",
        "id": "web;valid-register",
        "type": "scenario",
        "keyword": "Scenario",
        "steps": [
          {
            "result": {
              "duration": 3498244000,
              "status": "passed"
            },
            "line": 72,
            "name": "I click the Register button",
            "match": {
              "location": "web.iClickTheRegisterButton()"
            },
            "keyword": "When "
          },
          {
            "result": {
              "duration": 2089506200,
              "status": "passed"
            },
            "line": 73,
            "name": "I fill in the required registration details",
            "match": {
              "location": "web.iFillValidRgister()"
            },
            "keyword": "And "
          },
          {
            "result": {
              "duration": 369640600,
              "status": "passed"
            },
            "line": 74,
            "name": "I click the Register button2",
            "match": {
              "location": "web.iClickRegis2()"
            },
            "keyword": "And "
          },
          {
            "result": {
              "duration": 555963900,
              "status": "passed"
            },
            "line": 75,
            "name": "I should be successfully registered as a new user",
            "match": {
              "location": "web.successRegister()"
            },
            "keyword": "Then "
          }
        ],
        "tags": [
          {
            "name": "@tag"
          },
          {
            "name": "@tag8"
          }
        ]
      },
      {
        "line": 23,
        "name": "",
        "description": "",
        "type": "background",
        "keyword": "Background",
        "steps": [
          {
            "result": {
              "duration": 2552312600,
              "status": "passed"
            },
            "line": 24,
            "name": "I am on the Alta Shop website",
            "match": {
              "location": "web.onTheWebsite()"
            },
            "keyword": "Given "
          }
        ]
      },
      {
        "line": 78,
        "name": "Remove items from cart",
        "description": "",
        "id": "web;remove-items-from-cart",
        "type": "scenario",
        "keyword": "Scenario",
        "steps": [
          {
            "result": {
              "duration": 2945134700,
              "status": "passed"
            },
            "line": 79,
            "name": "I add items to shopping cart",
            "match": {
              "location": "web.iAddItems()"
            },
            "keyword": "When "
          },
          {
            "result": {
              "duration": 504129700,
              "status": "passed"
            },
            "line": 80,
            "name": "I open my cart",
            "match": {
              "location": "web.openMyCart()"
            },
            "keyword": "And "
          },
          {
            "result": {
              "duration": 604670500,
              "status": "passed"
            },
            "line": 81,
            "name": "I remove the product from my cart",
            "match": {
              "location": "web.removeProductFromCart()"
            },
            "keyword": "And "
          },
          {
            "result": {
              "duration": 450438300,
              "status": "passed"
            },
            "line": 82,
            "name": "The product should be removed from the shopping cart",
            "match": {
              "location": "web.productIsRemoved()"
            },
            "keyword": "Then "
          }
        ],
        "tags": [
          {
            "name": "@tag"
          },
          {
            "name": "@tag9"
          }
        ]
      },
      {
        "line": 23,
        "name": "",
        "description": "",
        "type": "background",
        "keyword": "Background",
        "steps": [
          {
            "result": {
              "duration": 2258310300,
              "status": "passed"
            },
            "line": 24,
            "name": "I am on the Alta Shop website",
            "match": {
              "location": "web.onTheWebsite()"
            },
            "keyword": "Given "
          }
        ]
      },
      {
        "line": 85,
        "name": "Search a product",
        "description": "",
        "id": "web;search-a-product",
        "type": "scenario",
        "keyword": "Scenario",
        "steps": [
          {
            "result": {
              "duration": 3060036600,
              "status": "passed"
            },
            "line": 86,
            "name": "I click the search box",
            "match": {
              "location": "web.iClickSearch()"
            },
            "keyword": "When "
          },
          {
            "result": {
              "duration": 744636600,
              "status": "passed"
            },
            "line": 87,
            "name": "I choose the selection in the dropdown",
            "match": {
              "location": "web.iChooseSearchOption()"
            },
            "keyword": "And "
          },
          {
            "result": {
              "duration": 773159500,
              "status": "passed"
            },
            "line": 88,
            "name": "Search results matching the keyword should appear",
            "match": {
              "location": "web.getSearchResults()"
            },
            "keyword": "Then "
          }
        ],
        "tags": [
          {
            "name": "@tag"
          },
          {
            "name": "@tag10"
          }
        ]
      },
      {
        "line": 23,
        "name": "",
        "description": "",
        "type": "background",
        "keyword": "Background",
        "steps": [
          {
            "result": {
              "duration": 2311593900,
              "status": "passed"
            },
            "line": 24,
            "name": "I am on the Alta Shop website",
            "match": {
              "location": "web.onTheWebsite()"
            },
            "keyword": "Given "
          }
        ]
      },
      {
        "line": 91,
        "name": "Update quantity of product",
        "description": "",
        "id": "web;update-quantity-of-product",
        "type": "scenario",
        "keyword": "Scenario",
        "steps": [
          {
            "result": {
              "duration": 3524816600,
              "status": "passed"
            },
            "line": 92,
            "name": "I click on the shopping cart icon to view its contents",
            "match": {
              "location": "web.iOpenMyCart()"
            },
            "keyword": "When "
          },
          {
            "result": {
              "duration": 605483600,
              "status": "passed"
            },
            "line": 93,
            "name": "I change the quantity of items for a product in the cart",
            "match": {
              "location": "web.iChangeQuantity()"
            },
            "keyword": "And "
          },
          {
            "result": {
              "duration": 448293200,
              "status": "passed"
            },
            "line": 94,
            "name": "The quantity of items in the cart should be updated correctly",
            "match": {
              "location": "web.quantityIsUpdated()"
            },
            "keyword": "Then "
          }
        ],
        "tags": [
          {
            "name": "@tag"
          },
          {
            "name": "@tag11"
          }
        ]
      },
      {
        "line": 23,
        "name": "",
        "description": "",
        "type": "background",
        "keyword": "Background",
        "steps": [
          {
            "result": {
              "duration": 2369354000,
              "status": "passed"
            },
            "line": 24,
            "name": "I am on the Alta Shop website",
            "match": {
              "location": "web.onTheWebsite()"
            },
            "keyword": "Given "
          }
        ]
      },
      {
        "line": 97,
        "name": "User can logout",
        "description": "",
        "id": "web;user-can-logout",
        "type": "scenario",
        "keyword": "Scenario",
        "steps": [
          {
            "result": {
              "duration": 5153990000,
              "status": "passed"
            },
            "line": 98,
            "name": "i log in to my account",
            "match": {
              "location": "web.iLogIn()"
            },
            "keyword": "When "
          },
          {
            "result": {
              "duration": 4277812400,
              "status": "passed"
            },
            "line": 99,
            "name": "i click profile button",
            "match": {
              "location": "web.iClickProfile()"
            },
            "keyword": "And "
          },
          {
            "result": {
              "duration": 645927800,
              "status": "passed"
            },
            "line": 100,
            "name": "i click logout",
            "match": {
              "location": "web.iClickLogout()"
            },
            "keyword": "And "
          },
          {
            "result": {
              "duration": 356280100,
              "status": "passed"
            },
            "line": 101,
            "name": "i will redirect to login page",
            "match": {
              "location": "web.redirectToLogin()"
            },
            "keyword": "Then "
          }
        ],
        "tags": [
          {
            "name": "@tag"
          },
          {
            "name": "@tag12"
          }
        ]
      },
      {
        "line": 23,
        "name": "",
        "description": "",
        "type": "background",
        "keyword": "Background",
        "steps": [
          {
            "result": {
              "duration": 3006490800,
              "status": "passed"
            },
            "line": 24,
            "name": "I am on the Alta Shop website",
            "match": {
              "location": "web.onTheWebsite()"
            },
            "keyword": "Given "
          }
        ]
      },
      {
        "line": 104,
        "name": "View shopping cart",
        "description": "",
        "id": "web;view-shopping-cart",
        "type": "scenario",
        "keyword": "Scenario",
        "steps": [
          {
            "result": {
              "duration": 3703268500,
              "status": "passed"
            },
            "line": 105,
            "name": "i click Beli Button to add items to cart",
            "match": {
              "location": "web.iClickBeliAndAddItems()"
            },
            "keyword": "When "
          },
          {
            "result": {
              "duration": 574982000,
              "status": "passed"
            },
            "line": 106,
            "name": "i open my cart page",
            "match": {
              "location": "web.iOpenMyCartPage()"
            },
            "keyword": "And "
          },
          {
            "result": {
              "duration": 553029100,
              "status": "passed"
            },
            "line": 107,
            "name": "i can see all my items on cart",
            "match": {
              "location": "web.iSeeAllMyItems()"
            },
            "keyword": "Then "
          }
        ],
        "tags": [
          {
            "name": "@tag"
          },
          {
            "name": "@tag13"
          }
        ]
      },
      {
        "line": 23,
        "name": "",
        "description": "",
        "type": "background",
        "keyword": "Background",
        "steps": [
          {
            "result": {
              "duration": 2395339500,
              "status": "passed"
            },
            "line": 24,
            "name": "I am on the Alta Shop website",
            "match": {
              "location": "web.onTheWebsite()"
            },
            "keyword": "Given "
          }
        ]
      },
      {
        "line": 110,
        "name": "Add to cart",
        "description": "",
        "id": "web;add-to-cart",
        "type": "scenario",
        "keyword": "Scenario",
        "steps": [
          {
            "result": {
              "duration": 3831255900,
              "status": "passed"
            },
            "line": 111,
            "name": "I click the Beli button",
            "match": {
              "location": "web.iSelectProduct()"
            },
            "keyword": "When "
          },
          {
            "result": {
              "duration": 540665000,
              "status": "passed"
            },
            "line": 112,
            "name": "The product should be successfully added to my shopping cart",
            "match": {
              "location": "web.addProductTo()"
            },
            "keyword": "Then "
          }
        ],
        "tags": [
          {
            "name": "@tag"
          },
          {
            "name": "@tag14"
          }
        ]
      }
    ],
    "name": "Web",
    "description": "  I want to use this template for my feature file",
    "id": "web",
    "keyword": "Feature",
    "uri": "C:/Users/Angelin/Katalon Studio/MiniProject-Web/Include/features/web.feature",
    "tags": [
      {
        "name": "@tag",
        "type": "Tag",
        "location": {
          "line": 19,
          "column": 1
        }
      }
    ]
  }
]