[
  {
    "line": 20,
    "elements": [
      {
        "BDD_TESTRUN_UUID": "7d1dfaf2-f54d-4d4a-a300-971ba85d9474",
        "line": 23,
        "name": "",
        "description": "",
        "type": "background",
        "keyword": "Background",
        "steps": [
          {
            "result": {
              "duration": 2488638500,
              "status": "passed"
            },
            "line": 24,
            "name": "I am on the Alta Shop website",
            "match": {
              "location": "web.onTheWebsite()"
            },
            "keyword": "Given ",
            "BDD_STEP_UUID": "83179172-1aed-4f7d-a007-32c50b7ed3aa"
          }
        ]
      },
      {
        "BDD_TESTRUN_UUID": "7d1dfaf2-f54d-4d4a-a300-971ba85d9474",
        "line": 27,
        "name": "View Transaction History",
        "description": "",
        "id": "web;view-transaction-history",
        "type": "scenario",
        "keyword": "Scenario",
        "steps": [
          {
            "result": {
              "duration": 5136206000,
              "status": "passed"
            },
            "line": 28,
            "name": "I am logged into my account",
            "match": {
              "location": "web.iLoggedin3()"
            },
            "keyword": "When ",
            "BDD_STEP_UUID": "5ecf53a8-ef18-4596-b5a3-c1fc72605764"
          },
          {
            "result": {
              "error_message": "com.kms.katalon.core.exception.StepFailedException: Unable to click on object \u0027Object Repository/Profile/Profile button\u0027\r\n\tat com.kms.katalon.core.webui.keyword.internal.WebUIKeywordMain.stepFailed(WebUIKeywordMain.groovy:64)\r\n\tat com.kms.katalon.core.webui.keyword.internal.WebUIKeywordMain.runKeyword(WebUIKeywordMain.groovy:26)\r\n\tat com.kms.katalon.core.webui.keyword.builtin.ClickKeyword.click(ClickKeyword.groovy:74)\r\n\tat com.kms.katalon.core.webui.keyword.builtin.ClickKeyword.execute(ClickKeyword.groovy:40)\r\n\tat com.kms.katalon.core.keyword.internal.KeywordExecutor.executeKeywordForPlatform(KeywordExecutor.groovy:74)\r\n\tat com.kms.katalon.core.webui.keyword.WebUiBuiltInKeywords.click(WebUiBuiltInKeywords.groovy:620)\r\n\tat com.kms.katalon.core.webui.keyword.WebUiBuiltInKeywords$click$0.call(Unknown Source)\r\n\tat web.iClickTransaction(web.groovy:64)\r\n\tat ✽.I navigate to the Transaction History(C:/Users/Angelin/Katalon Studio/MiniProject-Web/Include/features/web.feature:29)\r\nCaused by: org.openqa.selenium.WebDriverException: disconnected: not connected to DevTools\n  (failed to check if window was closed: disconnected: not connected to DevTools)\n  (Session info: chrome\u003d118.0.5993.118)\nBuild info: version: \u00273.141.59\u0027, revision: \u0027e82be7d358\u0027, time: \u00272018-11-14T08:25:53\u0027\nSystem info: host: \u0027ANGELINE\u0027, ip: \u002710.10.1.177\u0027, os.name: \u0027Windows 11\u0027, os.arch: \u0027amd64\u0027, os.version: \u002710.0\u0027, java.version: \u00271.8.0_362\u0027\nDriver info: com.kms.katalon.selenium.driver.CChromeDriver\nCapabilities {acceptInsecureCerts: false, browserName: chrome, browserVersion: 118.0.5993.118, chrome: {chromedriverVersion: 118.0.5993.70 (e52f33f30b91..., userDataDir: C:\\Users\\Angelin\\AppData\\Lo...}, fedcm:accounts: true, goog:chromeOptions: {debuggerAddress: localhost:61593}, javascriptEnabled: true, networkConnectionEnabled: false, pageLoadStrategy: normal, platform: WINDOWS, platformName: WINDOWS, proxy: Proxy(), setWindowRect: true, strictFileInteractability: false, timeouts: {implicit: 0, pageLoad: 300000, script: 30000}, unhandledPromptBehavior: dismiss and notify, webauthn:extension:credBlob: true, webauthn:extension:largeBlob: true, webauthn:extension:minPinLength: true, webauthn:extension:prf: true, webauthn:virtualAuthenticators: true}\nSession ID: b77d11ea420bab97161ff93fecb77e46\n*** Element info: {Using\u003dxpath, value\u003d/html/body/div/div/header/div/button[2]}\r\n\tat org.openqa.selenium.remote.http.W3CHttpResponseCodec.createException(W3CHttpResponseCodec.java:187)\r\n\tat org.openqa.selenium.remote.http.W3CHttpResponseCodec.decode(W3CHttpResponseCodec.java:122)\r\n\tat org.openqa.selenium.remote.http.W3CHttpResponseCodec.decode(W3CHttpResponseCodec.java:49)\r\n\tat org.openqa.selenium.remote.HttpCommandExecutor.execute(HttpCommandExecutor.java:158)\r\n\tat org.openqa.selenium.remote.service.DriverCommandExecutor.execute(DriverCommandExecutor.java:83)\r\n\tat org.openqa.selenium.remote.RemoteWebDriver.execute(RemoteWebDriver.java:552)\r\n\tat com.kms.katalon.selenium.driver.CChromeDriver.execute(CChromeDriver.java:19)\r\n\tat org.openqa.selenium.remote.RemoteWebDriver.findElements(RemoteWebDriver.java:353)\r\n\tat org.openqa.selenium.remote.RemoteWebDriver.findElementsByXPath(RemoteWebDriver.java:432)\r\n\tat org.openqa.selenium.By$ByXPath.findElements(By.java:348)\r\n\tat org.openqa.selenium.remote.RemoteWebDriver.findElements(RemoteWebDriver.java:311)\r\n\tat org.openqa.selenium.support.events.EventFiringWebDriver.lambda$new$1(EventFiringWebDriver.java:105)\r\n\tat com.sun.proxy.$Proxy17.findElements(Unknown Source)\r\n\tat org.openqa.selenium.support.events.EventFiringWebDriver.findElements(EventFiringWebDriver.java:182)\r\n\tat com.kms.katalon.core.webui.common.WebUiCommonHelper.findElementByNormalMethods(WebUiCommonHelper.java:1027)\r\n\tat com.kms.katalon.core.webui.common.WebUiCommonHelper.findElementsBySelectedMethod(WebUiCommonHelper.java:919)\r\n\tat com.kms.katalon.core.webui.common.WebUiCommonHelper.findElementsBySelectedMethod(WebUiCommonHelper.java:901)\r\n\tat com.kms.katalon.core.webui.common.WebUiCommonHelper.findElementsBySelectedMethod(WebUiCommonHelper.java:896)\r\n\tat com.kms.katalon.core.webui.common.WebUiCommonHelper.findElementsByDefault(WebUiCommonHelper.java:892)\r\n\tat com.kms.katalon.core.webui.common.WebUiCommonHelper.findWebElements(WebUiCommonHelper.java:720)\r\n\tat com.kms.katalon.core.webui.common.WebUiCommonHelper.findWebElement(WebUiCommonHelper.java:1376)\r\n\tat com.kms.katalon.core.webui.keyword.internal.WebUIAbstractKeyword.findWebElement(WebUIAbstractKeyword.groovy:27)\r\n\tat com.kms.katalon.core.webui.keyword.builtin.ClickKeyword$_click_closure1.doCall(ClickKeyword.groovy:65)\r\n\tat com.kms.katalon.core.webui.keyword.builtin.ClickKeyword$_click_closure1.call(ClickKeyword.groovy)\r\n\tat com.kms.katalon.core.webui.keyword.internal.WebUIKeywordMain.runKeyword(WebUIKeywordMain.groovy:20)\r\n\tat com.kms.katalon.core.webui.keyword.builtin.ClickKeyword.click(ClickKeyword.groovy:74)\r\n\tat com.kms.katalon.core.webui.keyword.builtin.ClickKeyword.execute(ClickKeyword.groovy:40)\r\n\tat com.kms.katalon.core.keyword.internal.KeywordExecutor.executeKeywordForPlatform(KeywordExecutor.groovy:74)\r\n\tat com.kms.katalon.core.webui.keyword.WebUiBuiltInKeywords.click(WebUiBuiltInKeywords.groovy:620)\r\n\tat com.kms.katalon.core.webui.keyword.WebUiBuiltInKeywords$click$0.call(Unknown Source)\r\n\tat web.iClickTransaction(web.groovy:64)\r\n\tat cucumber.runtime.Utils$1.call(Utils.java:26)\r\n\tat cucumber.runtime.Timeout.timeout(Timeout.java:16)\r\n\tat cucumber.runtime.Utils.invoke(Utils.java:20)\r\n\tat cucumber.runtime.java.JavaStepDefinition.execute(JavaStepDefinition.java:48)\r\n\tat cucumber.runtime.PickleStepDefinitionMatch.runStep(PickleStepDefinitionMatch.java:50)\r\n\tat cucumber.runner.TestStep.executeStep(TestStep.java:70)\r\n\tat cucumber.runner.TestStep.run(TestStep.java:52)\r\n\tat cucumber.runner.PickleStepTestStep.run(PickleStepTestStep.java:53)\r\n\tat cucumber.runner.TestCase.run(TestCase.java:47)\r\n\tat cucumber.runner.Runner.runPickle(Runner.java:44)\r\n\tat cucumber.runtime.Runtime.runFeature(Runtime.java:120)\r\n\tat cucumber.runtime.Runtime.run(Runtime.java:106)\r\n\tat cucumber.api.cli.Main.run(Main.java:35)\r\n\tat cucumber.api.cli.Main$run.call(Unknown Source)\r\n\tat com.kms.katalon.core.cucumber.keyword.CucumberBuiltinKeywords$_runFeatureFile_closure1.doCall(CucumberBuiltinKeywords.groovy:108)\r\n\tat com.kms.katalon.core.cucumber.keyword.CucumberBuiltinKeywords$_runFeatureFile_closure1.doCall(CucumberBuiltinKeywords.groovy)\r\n\tat com.kms.katalon.core.keyword.internal.KeywordMain.runKeyword(KeywordMain.groovy:75)\r\n\tat com.kms.katalon.core.keyword.internal.KeywordMain.runKeyword(KeywordMain.groovy:69)\r\n\tat com.kms.katalon.core.keyword.internal.KeywordMain$runKeyword.call(Unknown Source)\r\n\tat com.kms.katalon.core.cucumber.keyword.CucumberBuiltinKeywords.runFeatureFile(CucumberBuiltinKeywords.groovy:75)\r\n\tat com.kms.katalon.core.cucumber.keyword.CucumberBuiltinKeywords$runFeatureFile$0.callStatic(Unknown Source)\r\n\tat com.kms.katalon.core.cucumber.keyword.CucumberBuiltinKeywords.runFeatureFile(CucumberBuiltinKeywords.groovy:248)\r\n\tat com.kms.katalon.core.cucumber.keyword.CucumberBuiltinKeywords$runFeatureFile.call(Unknown Source)\r\n\tat BDD.run(BDD:20)\r\n\tat com.kms.katalon.core.main.ScriptEngine.run(ScriptEngine.java:194)\r\n\tat com.kms.katalon.core.main.ScriptEngine.runScriptAsRawText(ScriptEngine.java:119)\r\n\tat com.kms.katalon.core.main.TestCaseExecutor.runScript(TestCaseExecutor.java:448)\r\n\tat com.kms.katalon.core.main.TestCaseExecutor.doExecute(TestCaseExecutor.java:439)\r\n\tat com.kms.katalon.core.main.TestCaseExecutor.processExecutionPhase(TestCaseExecutor.java:418)\r\n\tat com.kms.katalon.core.main.TestCaseExecutor.accessMainPhase(TestCaseExecutor.java:410)\r\n\tat com.kms.katalon.core.main.TestCaseExecutor.execute(TestCaseExecutor.java:285)\r\n\tat com.kms.katalon.core.common.CommonExecutor.accessTestCaseMainPhase(CommonExecutor.java:65)\r\n\tat com.kms.katalon.core.main.TestSuiteExecutor.accessTestSuiteMainPhase(TestSuiteExecutor.java:148)\r\n\tat com.kms.katalon.core.main.TestSuiteExecutor.execute(TestSuiteExecutor.java:106)\r\n\tat com.kms.katalon.core.main.TestCaseMain.startTestSuite(TestCaseMain.java:187)\r\n\tat com.kms.katalon.core.main.TestCaseMain$startTestSuite$0.call(Unknown Source)\r\n\tat TempTestSuite1698489115965.run(TempTestSuite1698489115965.groovy:36)\r\n",
              "duration": 3838431500,
              "status": "failed"
            },
            "line": 29,
            "name": "I navigate to the Transaction History",
            "match": {
              "location": "web.iClickTransaction()"
            },
            "keyword": "And ",
            "BDD_STEP_UUID": "93256c5b-82a1-4eb2-abc6-536c66d0a8ad"
          },
          {
            "result": {
              "status": "skipped"
            },
            "line": 30,
            "name": "I should see a list of my previous transactions",
            "match": {
              "location": "web.iSeeTransactionHistory()"
            },
            "keyword": "Then ",
            "BDD_STEP_UUID": "6da2b31f-7900-440c-b208-9b25bd28a73f"
          }
        ],
        "tags": [
          {
            "name": "@tag"
          },
          {
            "name": "@tag1"
          }
        ]
      },
      {
        "BDD_TESTRUN_UUID": "5f536405-e7b6-4db5-b4d7-d0c675e57d5d",
        "line": 23,
        "name": "",
        "description": "",
        "type": "background",
        "keyword": "Background",
        "steps": [
          {
            "result": {
              "duration": 2225559600,
              "status": "passed"
            },
            "line": 24,
            "name": "I am on the Alta Shop website",
            "match": {
              "location": "web.onTheWebsite()"
            },
            "keyword": "Given ",
            "BDD_STEP_UUID": "ce4eef11-491d-41b7-b39f-9ab0248bfbfb"
          }
        ]
      },
      {
        "BDD_TESTRUN_UUID": "5f536405-e7b6-4db5-b4d7-d0c675e57d5d",
        "line": 33,
        "name": "View product details",
        "description": "",
        "id": "web;view-product-details",
        "type": "scenario",
        "keyword": "Scenario",
        "steps": [
          {
            "result": {
              "duration": 2938101500,
              "status": "passed"
            },
            "line": 34,
            "name": "I click on the product to view its details",
            "match": {
              "location": "web.iSelectProductDetail()"
            },
            "keyword": "When ",
            "BDD_STEP_UUID": "a564ea75-b733-494e-b7d6-34ebe20592a8"
          },
          {
            "result": {
              "duration": 923915500,
              "status": "passed"
            },
            "line": 35,
            "name": "The product detail page should open with accurate product information",
            "match": {
              "location": "web.viewDetailProduct()"
            },
            "keyword": "Then ",
            "BDD_STEP_UUID": "913d51c0-a375-4dc2-ae8b-1b8cac40faeb"
          }
        ],
        "tags": [
          {
            "name": "@tag"
          },
          {
            "name": "@tag2"
          }
        ]
      },
      {
        "BDD_TESTRUN_UUID": "c1b2bd85-d8a4-4a9e-a8c4-2b13b7b35ca5",
        "line": 23,
        "name": "",
        "description": "",
        "type": "background",
        "keyword": "Background",
        "steps": [
          {
            "result": {
              "duration": 2314380200,
              "status": "passed"
            },
            "line": 24,
            "name": "I am on the Alta Shop website",
            "match": {
              "location": "web.onTheWebsite()"
            },
            "keyword": "Given ",
            "BDD_STEP_UUID": "8b1d4ca8-699d-4600-bf21-2e54d579e45a"
          }
        ]
      },
      {
        "BDD_TESTRUN_UUID": "c1b2bd85-d8a4-4a9e-a8c4-2b13b7b35ca5",
        "line": 38,
        "name": "Checkout items on cart",
        "description": "",
        "id": "web;checkout-items-on-cart",
        "type": "scenario",
        "keyword": "Scenario",
        "steps": [
          {
            "result": {
              "duration": 4822592800,
              "status": "passed"
            },
            "line": 39,
            "name": "I login to my account",
            "match": {
              "location": "web.iLogin()"
            },
            "keyword": "When ",
            "BDD_STEP_UUID": "427f025c-5751-4886-a62c-20841ecdba7d"
          },
          {
            "result": {
              "duration": 4221025900,
              "status": "passed"
            },
            "line": 40,
            "name": "I click on the product Beli button to add to cart",
            "match": {
              "location": "web.iClickBeli()"
            },
            "keyword": "And ",
            "BDD_STEP_UUID": "9934f7c0-c768-4284-836b-b1b21278eae6"
          },
          {
            "result": {
              "duration": 593228700,
              "status": "passed"
            },
            "line": 41,
            "name": "I click the Checkout button",
            "match": {
              "location": "web.iClickCheckout()"
            },
            "keyword": "And ",
            "BDD_STEP_UUID": "59954713-25a4-49a7-8a99-f51b2fe62ffb"
          },
          {
            "result": {
              "duration": 904389600,
              "status": "passed"
            },
            "line": 42,
            "name": "I should get success notification",
            "match": {
              "location": "web.getSuccessCheckoutNotif()"
            },
            "keyword": "Then ",
            "BDD_STEP_UUID": "a71198df-1189-4c96-8faf-1f978ec0a8a9"
          }
        ],
        "tags": [
          {
            "name": "@tag"
          },
          {
            "name": "@tag3"
          }
        ]
      },
      {
        "BDD_TESTRUN_UUID": "16ad7e07-4dd5-410b-8533-55ad00bf9b5e",
        "line": 23,
        "name": "",
        "description": "",
        "type": "background",
        "keyword": "Background",
        "steps": [
          {
            "result": {
              "duration": 2361465100,
              "status": "passed"
            },
            "line": 24,
            "name": "I am on the Alta Shop website",
            "match": {
              "location": "web.onTheWebsite()"
            },
            "keyword": "Given ",
            "BDD_STEP_UUID": "bdc371a9-8ee7-40a8-8b6a-de258bf3b716"
          }
        ]
      },
      {
        "BDD_TESTRUN_UUID": "16ad7e07-4dd5-410b-8533-55ad00bf9b5e",
        "line": 45,
        "name": "Checkout items on cart without login",
        "description": "",
        "id": "web;checkout-items-on-cart-without-login",
        "type": "scenario",
        "keyword": "Scenario",
        "steps": [
          {
            "result": {
              "error_message": "com.kms.katalon.core.exception.StepFailedException: Unable to click on object \u0027Object Repository/Product/Beli Button\u0027\r\n\tat com.kms.katalon.core.webui.keyword.internal.WebUIKeywordMain.stepFailed(WebUIKeywordMain.groovy:64)\r\n\tat com.kms.katalon.core.webui.keyword.internal.WebUIKeywordMain.runKeyword(WebUIKeywordMain.groovy:26)\r\n\tat com.kms.katalon.core.webui.keyword.builtin.ClickKeyword.click(ClickKeyword.groovy:74)\r\n\tat com.kms.katalon.core.webui.keyword.builtin.ClickKeyword.execute(ClickKeyword.groovy:40)\r\n\tat com.kms.katalon.core.keyword.internal.KeywordExecutor.executeKeywordForPlatform(KeywordExecutor.groovy:74)\r\n\tat com.kms.katalon.core.webui.keyword.WebUiBuiltInKeywords.click(WebUiBuiltInKeywords.groovy:620)\r\n\tat com.kms.katalon.core.webui.keyword.WebUiBuiltInKeywords$click$0.call(Unknown Source)\r\n\tat web.iAddProduct(web.groovy:134)\r\n\tat ✽.I add a product to the shopping cart(C:/Users/Angelin/Katalon Studio/MiniProject-Web/Include/features/web.feature:46)\r\nCaused by: org.openqa.selenium.NoSuchWindowException: no such window: target window already closed\nfrom unknown error: web view not found\n  (Session info: chrome\u003d118.0.5993.118)\nBuild info: version: \u00273.141.59\u0027, revision: \u0027e82be7d358\u0027, time: \u00272018-11-14T08:25:53\u0027\nSystem info: host: \u0027ANGELINE\u0027, ip: \u002710.10.1.177\u0027, os.name: \u0027Windows 11\u0027, os.arch: \u0027amd64\u0027, os.version: \u002710.0\u0027, java.version: \u00271.8.0_362\u0027\nDriver info: com.kms.katalon.selenium.driver.CChromeDriver\nCapabilities {acceptInsecureCerts: false, browserName: chrome, browserVersion: 118.0.5993.118, chrome: {chromedriverVersion: 118.0.5993.70 (e52f33f30b91..., userDataDir: C:\\Users\\Angelin\\AppData\\Lo...}, fedcm:accounts: true, goog:chromeOptions: {debuggerAddress: localhost:61670}, javascriptEnabled: true, networkConnectionEnabled: false, pageLoadStrategy: normal, platform: WINDOWS, platformName: WINDOWS, proxy: Proxy(), setWindowRect: true, strictFileInteractability: false, timeouts: {implicit: 0, pageLoad: 300000, script: 30000}, unhandledPromptBehavior: dismiss and notify, webauthn:extension:credBlob: true, webauthn:extension:largeBlob: true, webauthn:extension:minPinLength: true, webauthn:extension:prf: true, webauthn:virtualAuthenticators: true}\nSession ID: f0015f3b01e890ab992db1b196991b36\n*** Element info: {Using\u003dxpath, value\u003d/html/body/div/div/main/div/div/div[2]/div/div[1]/div/div[3]/div[2]/button[2]}\r\n\tat org.openqa.selenium.remote.http.W3CHttpResponseCodec.createException(W3CHttpResponseCodec.java:187)\r\n\tat org.openqa.selenium.remote.http.W3CHttpResponseCodec.decode(W3CHttpResponseCodec.java:122)\r\n\tat org.openqa.selenium.remote.http.W3CHttpResponseCodec.decode(W3CHttpResponseCodec.java:49)\r\n\tat org.openqa.selenium.remote.HttpCommandExecutor.execute(HttpCommandExecutor.java:158)\r\n\tat org.openqa.selenium.remote.service.DriverCommandExecutor.execute(DriverCommandExecutor.java:83)\r\n\tat org.openqa.selenium.remote.RemoteWebDriver.execute(RemoteWebDriver.java:552)\r\n\tat com.kms.katalon.selenium.driver.CChromeDriver.execute(CChromeDriver.java:19)\r\n\tat org.openqa.selenium.remote.RemoteWebDriver.findElements(RemoteWebDriver.java:353)\r\n\tat org.openqa.selenium.remote.RemoteWebDriver.findElementsByXPath(RemoteWebDriver.java:432)\r\n\tat org.openqa.selenium.By$ByXPath.findElements(By.java:348)\r\n\tat org.openqa.selenium.remote.RemoteWebDriver.findElements(RemoteWebDriver.java:311)\r\n\tat org.openqa.selenium.support.events.EventFiringWebDriver.lambda$new$1(EventFiringWebDriver.java:105)\r\n\tat com.sun.proxy.$Proxy17.findElements(Unknown Source)\r\n\tat org.openqa.selenium.support.events.EventFiringWebDriver.findElements(EventFiringWebDriver.java:182)\r\n\tat com.kms.katalon.core.webui.common.WebUiCommonHelper.findElementByNormalMethods(WebUiCommonHelper.java:1027)\r\n\tat com.kms.katalon.core.webui.common.WebUiCommonHelper.findElementsBySelectedMethod(WebUiCommonHelper.java:919)\r\n\tat com.kms.katalon.core.webui.common.WebUiCommonHelper.findElementsBySelectedMethod(WebUiCommonHelper.java:901)\r\n\tat com.kms.katalon.core.webui.common.WebUiCommonHelper.findElementsBySelectedMethod(WebUiCommonHelper.java:896)\r\n\tat com.kms.katalon.core.webui.common.WebUiCommonHelper.findElementsByDefault(WebUiCommonHelper.java:892)\r\n\tat com.kms.katalon.core.webui.common.WebUiCommonHelper.findWebElements(WebUiCommonHelper.java:720)\r\n\tat com.kms.katalon.core.webui.common.WebUiCommonHelper.findWebElement(WebUiCommonHelper.java:1376)\r\n\tat com.kms.katalon.core.webui.keyword.internal.WebUIAbstractKeyword.findWebElement(WebUIAbstractKeyword.groovy:27)\r\n\tat com.kms.katalon.core.webui.keyword.builtin.ClickKeyword$_click_closure1.doCall(ClickKeyword.groovy:65)\r\n\tat com.kms.katalon.core.webui.keyword.builtin.ClickKeyword$_click_closure1.call(ClickKeyword.groovy)\r\n\tat com.kms.katalon.core.webui.keyword.internal.WebUIKeywordMain.runKeyword(WebUIKeywordMain.groovy:20)\r\n\tat com.kms.katalon.core.webui.keyword.builtin.ClickKeyword.click(ClickKeyword.groovy:74)\r\n\tat com.kms.katalon.core.webui.keyword.builtin.ClickKeyword.execute(ClickKeyword.groovy:40)\r\n\tat com.kms.katalon.core.keyword.internal.KeywordExecutor.executeKeywordForPlatform(KeywordExecutor.groovy:74)\r\n\tat com.kms.katalon.core.webui.keyword.WebUiBuiltInKeywords.click(WebUiBuiltInKeywords.groovy:620)\r\n\tat com.kms.katalon.core.webui.keyword.WebUiBuiltInKeywords$click$0.call(Unknown Source)\r\n\tat web.iAddProduct(web.groovy:134)\r\n\tat cucumber.runtime.Utils$1.call(Utils.java:26)\r\n\tat cucumber.runtime.Timeout.timeout(Timeout.java:16)\r\n\tat cucumber.runtime.Utils.invoke(Utils.java:20)\r\n\tat cucumber.runtime.java.JavaStepDefinition.execute(JavaStepDefinition.java:48)\r\n\tat cucumber.runtime.PickleStepDefinitionMatch.runStep(PickleStepDefinitionMatch.java:50)\r\n\tat cucumber.runner.TestStep.executeStep(TestStep.java:70)\r\n\tat cucumber.runner.TestStep.run(TestStep.java:52)\r\n\tat cucumber.runner.PickleStepTestStep.run(PickleStepTestStep.java:53)\r\n\tat cucumber.runner.TestCase.run(TestCase.java:47)\r\n\tat cucumber.runner.Runner.runPickle(Runner.java:44)\r\n\tat cucumber.runtime.Runtime.runFeature(Runtime.java:120)\r\n\tat cucumber.runtime.Runtime.run(Runtime.java:106)\r\n\tat cucumber.api.cli.Main.run(Main.java:35)\r\n\tat cucumber.api.cli.Main$run.call(Unknown Source)\r\n\tat com.kms.katalon.core.cucumber.keyword.CucumberBuiltinKeywords$_runFeatureFile_closure1.doCall(CucumberBuiltinKeywords.groovy:108)\r\n\tat com.kms.katalon.core.cucumber.keyword.CucumberBuiltinKeywords$_runFeatureFile_closure1.doCall(CucumberBuiltinKeywords.groovy)\r\n\tat com.kms.katalon.core.keyword.internal.KeywordMain.runKeyword(KeywordMain.groovy:75)\r\n\tat com.kms.katalon.core.keyword.internal.KeywordMain.runKeyword(KeywordMain.groovy:69)\r\n\tat com.kms.katalon.core.keyword.internal.KeywordMain$runKeyword.call(Unknown Source)\r\n\tat com.kms.katalon.core.cucumber.keyword.CucumberBuiltinKeywords.runFeatureFile(CucumberBuiltinKeywords.groovy:75)\r\n\tat com.kms.katalon.core.cucumber.keyword.CucumberBuiltinKeywords$runFeatureFile$0.callStatic(Unknown Source)\r\n\tat com.kms.katalon.core.cucumber.keyword.CucumberBuiltinKeywords.runFeatureFile(CucumberBuiltinKeywords.groovy:248)\r\n\tat com.kms.katalon.core.cucumber.keyword.CucumberBuiltinKeywords$runFeatureFile.call(Unknown Source)\r\n\tat BDD.run(BDD:20)\r\n\tat com.kms.katalon.core.main.ScriptEngine.run(ScriptEngine.java:194)\r\n\tat com.kms.katalon.core.main.ScriptEngine.runScriptAsRawText(ScriptEngine.java:119)\r\n\tat com.kms.katalon.core.main.TestCaseExecutor.runScript(TestCaseExecutor.java:448)\r\n\tat com.kms.katalon.core.main.TestCaseExecutor.doExecute(TestCaseExecutor.java:439)\r\n\tat com.kms.katalon.core.main.TestCaseExecutor.processExecutionPhase(TestCaseExecutor.java:418)\r\n\tat com.kms.katalon.core.main.TestCaseExecutor.accessMainPhase(TestCaseExecutor.java:410)\r\n\tat com.kms.katalon.core.main.TestCaseExecutor.execute(TestCaseExecutor.java:285)\r\n\tat com.kms.katalon.core.common.CommonExecutor.accessTestCaseMainPhase(CommonExecutor.java:65)\r\n\tat com.kms.katalon.core.main.TestSuiteExecutor.accessTestSuiteMainPhase(TestSuiteExecutor.java:148)\r\n\tat com.kms.katalon.core.main.TestSuiteExecutor.execute(TestSuiteExecutor.java:106)\r\n\tat com.kms.katalon.core.main.TestCaseMain.startTestSuite(TestCaseMain.java:187)\r\n\tat com.kms.katalon.core.main.TestCaseMain$startTestSuite$0.call(Unknown Source)\r\n\tat TempTestSuite1698489115965.run(TempTestSuite1698489115965.groovy:36)\r\n",
              "duration": 1105759900,
              "status": "failed"
            },
            "line": 46,
            "name": "I add a product to the shopping cart",
            "match": {
              "location": "web.iAddProduct()"
            },
            "keyword": "When ",
            "BDD_STEP_UUID": "d295c9a1-335e-4e39-bddd-be71be0e71ba"
          },
          {
            "result": {
              "status": "skipped"
            },
            "line": 47,
            "name": "I proceed to checkout",
            "match": {
              "location": "web.iCheckout()"
            },
            "keyword": "And ",
            "BDD_STEP_UUID": "80eec37c-9a19-4d27-ba97-0a10ad3a59a2"
          },
          {
            "result": {
              "status": "skipped"
            },
            "line": 48,
            "name": "I should be prompted to log in or continue as a guest",
            "match": {
              "location": "web.iRediresctToLogin()"
            },
            "keyword": "Then ",
            "BDD_STEP_UUID": "a4c08977-734f-4295-ae5e-d16f2f64b151"
          }
        ],
        "tags": [
          {
            "name": "@tag"
          },
          {
            "name": "@tag4"
          }
        ]
      },
      {
        "BDD_TESTRUN_UUID": "8d28c3df-f555-48c6-8374-399ce2bfc16a",
        "line": 23,
        "name": "",
        "description": "",
        "type": "background",
        "keyword": "Background",
        "steps": [
          {
            "result": {
              "duration": 2237733400,
              "status": "passed"
            },
            "line": 24,
            "name": "I am on the Alta Shop website",
            "match": {
              "location": "web.onTheWebsite()"
            },
            "keyword": "Given ",
            "BDD_STEP_UUID": "a5a6d63e-3344-4e94-97c1-304c9c6edc91"
          }
        ]
      },
      {
        "BDD_TESTRUN_UUID": "8d28c3df-f555-48c6-8374-399ce2bfc16a",
        "line": 51,
        "name": "Invalid login",
        "description": "",
        "id": "web;invalid-login",
        "type": "scenario",
        "keyword": "Scenario",
        "steps": [
          {
            "result": {
              "duration": 2783725100,
              "status": "passed"
            },
            "line": 52,
            "name": "I click the Login button",
            "match": {
              "location": "web.iClickLogin()"
            },
            "keyword": "When ",
            "BDD_STEP_UUID": "09651ae2-d554-4570-9853-eae4856bf57f"
          },
          {
            "result": {
              "duration": 2061164600,
              "status": "passed"
            },
            "line": 53,
            "name": "I enter invalid login credentials",
            "match": {
              "location": "web.iEnterInvalidLoginCredentials()"
            },
            "keyword": "And ",
            "BDD_STEP_UUID": "eb2d5c15-777a-41c6-9c87-ef7bf03a6806"
          },
          {
            "result": {
              "duration": 353281400,
              "status": "passed"
            },
            "line": 54,
            "name": "I click the Login button to login",
            "match": {
              "location": "web.iClickLoginToLogin()"
            },
            "keyword": "And ",
            "BDD_STEP_UUID": "05ea23a2-5106-4bbe-9a8f-c30135a11ff3"
          },
          {
            "result": {
              "duration": 559879400,
              "status": "passed"
            },
            "line": 55,
            "name": "I should receive an error message indicating invalid credentials",
            "match": {
              "location": "web.iGetErrorLoginMessage()"
            },
            "keyword": "Then ",
            "BDD_STEP_UUID": "1044be2c-8d32-47af-aff8-cf354fa90986"
          }
        ],
        "tags": [
          {
            "name": "@tag"
          },
          {
            "name": "@tag5"
          }
        ]
      },
      {
        "BDD_TESTRUN_UUID": "a63e933b-c951-459e-a1da-5226ff0064a2",
        "line": 23,
        "name": "",
        "description": "",
        "type": "background",
        "keyword": "Background",
        "steps": [
          {
            "result": {
              "duration": 2332315900,
              "status": "passed"
            },
            "line": 24,
            "name": "I am on the Alta Shop website",
            "match": {
              "location": "web.onTheWebsite()"
            },
            "keyword": "Given ",
            "BDD_STEP_UUID": "7f2f4331-74af-4714-a386-2b507cde5572"
          }
        ]
      },
      {
        "BDD_TESTRUN_UUID": "a63e933b-c951-459e-a1da-5226ff0064a2",
        "line": 58,
        "name": "Valid Login",
        "description": "",
        "id": "web;valid-login",
        "type": "scenario",
        "keyword": "Scenario",
        "steps": [
          {
            "result": {
              "duration": 2916168900,
              "status": "passed"
            },
            "line": 59,
            "name": "I tap the Login button",
            "match": {
              "location": "web.iClickLogin2()"
            },
            "keyword": "When ",
            "BDD_STEP_UUID": "917b7373-1d14-4a9d-b211-ba1a43a87f48"
          },
          {
            "result": {
              "duration": 2032035400,
              "status": "passed"
            },
            "line": 60,
            "name": "I enter valid login credentials",
            "match": {
              "location": "web.iEnterValidLoginCredentials()"
            },
            "keyword": "And ",
            "BDD_STEP_UUID": "1d41cb4e-be07-41aa-9be1-2e63d15efffa"
          },
          {
            "result": {
              "duration": 358167500,
              "status": "passed"
            },
            "line": 61,
            "name": "I tap the Login button to login to my account",
            "match": {
              "location": "web.iClickLoginToLogin2()"
            },
            "keyword": "And ",
            "BDD_STEP_UUID": "e606528d-46d1-4962-9445-a354bc01e2d6"
          },
          {
            "result": {
              "duration": 3712273000,
              "status": "passed"
            },
            "line": 62,
            "name": "I should successfully log into my account",
            "match": {
              "location": "web.iSuccesfullyLoginToMyAccount()"
            },
            "keyword": "Then ",
            "BDD_STEP_UUID": "aacd4744-c522-4161-a3f7-70aec15d2a90"
          }
        ],
        "tags": [
          {
            "name": "@tag"
          },
          {
            "name": "@tag6"
          }
        ]
      },
      {
        "BDD_TESTRUN_UUID": "f9393208-7eed-441c-b99c-d08e7866d381",
        "line": 23,
        "name": "",
        "description": "",
        "type": "background",
        "keyword": "Background",
        "steps": [
          {
            "result": {
              "duration": 2359137000,
              "status": "passed"
            },
            "line": 24,
            "name": "I am on the Alta Shop website",
            "match": {
              "location": "web.onTheWebsite()"
            },
            "keyword": "Given ",
            "BDD_STEP_UUID": "82a14833-4e8b-436e-94a7-1c7b6d869863"
          }
        ]
      },
      {
        "BDD_TESTRUN_UUID": "f9393208-7eed-441c-b99c-d08e7866d381",
        "line": 65,
        "name": "Invalid Register",
        "description": "",
        "id": "web;invalid-register",
        "type": "scenario",
        "keyword": "Scenario",
        "steps": [
          {
            "result": {
              "duration": 3287421300,
              "status": "passed"
            },
            "line": 66,
            "name": "I navigate to the registration page",
            "match": {
              "location": "web.iNavigateRegister()"
            },
            "keyword": "When ",
            "BDD_STEP_UUID": "4e811b0b-3264-47f6-b40e-46bfa48cc65a"
          },
          {
            "result": {
              "duration": 2515899000,
              "status": "passed"
            },
            "line": 67,
            "name": "I submit the registration form without filling in any fields",
            "match": {
              "location": "web.iSubmitEmptyRegistrationForm()"
            },
            "keyword": "And ",
            "BDD_STEP_UUID": "ac8c58d3-2771-4168-b1ca-f62ba8933f3b"
          },
          {
            "result": {
              "duration": 543482600,
              "status": "passed"
            },
            "line": 68,
            "name": "I should see validation errors indicating that all fields are required",
            "match": {
              "location": "web.iGetErrorRegisterMessage()"
            },
            "keyword": "Then ",
            "BDD_STEP_UUID": "346e3cae-a340-4e5a-933b-3834aeed6cb6"
          }
        ],
        "tags": [
          {
            "name": "@tag"
          },
          {
            "name": "@tag7"
          }
        ]
      },
      {
        "BDD_TESTRUN_UUID": "e1c07637-c478-4894-bbbd-fd5b938ade4b",
        "line": 23,
        "name": "",
        "description": "",
        "type": "background",
        "keyword": "Background",
        "steps": [
          {
            "result": {
              "duration": 2503366900,
              "status": "passed"
            },
            "line": 24,
            "name": "I am on the Alta Shop website",
            "match": {
              "location": "web.onTheWebsite()"
            },
            "keyword": "Given ",
            "BDD_STEP_UUID": "c3b02aa5-e8b9-425c-9689-a02202327724"
          }
        ]
      },
      {
        "BDD_TESTRUN_UUID": "e1c07637-c478-4894-bbbd-fd5b938ade4b",
        "line": 71,
        "name": "Valid Register",
        "description": "",
        "id": "web;valid-register",
        "type": "scenario",
        "keyword": "Scenario",
        "steps": [
          {
            "result": {
              "duration": 3498244000,
              "status": "passed"
            },
            "line": 72,
            "name": "I click the Register button",
            "match": {
              "location": "web.iClickTheRegisterButton()"
            },
            "keyword": "When ",
            "BDD_STEP_UUID": "7feb2ec5-077e-47dc-ab2c-12145314a3f4"
          },
          {
            "result": {
              "duration": 2089506200,
              "status": "passed"
            },
            "line": 73,
            "name": "I fill in the required registration details",
            "match": {
              "location": "web.iFillValidRgister()"
            },
            "keyword": "And ",
            "BDD_STEP_UUID": "f0bd1237-beeb-4f81-b67b-dcb200f3a30a"
          },
          {
            "result": {
              "duration": 369640600,
              "status": "passed"
            },
            "line": 74,
            "name": "I click the Register button2",
            "match": {
              "location": "web.iClickRegis2()"
            },
            "keyword": "And ",
            "BDD_STEP_UUID": "5fc25d8c-f4b0-4504-8808-67326c55fc2c"
          },
          {
            "result": {
              "duration": 555963900,
              "status": "passed"
            },
            "line": 75,
            "name": "I should be successfully registered as a new user",
            "match": {
              "location": "web.successRegister()"
            },
            "keyword": "Then ",
            "BDD_STEP_UUID": "b9d65ac0-06b7-403d-b095-e53fd73711d1"
          }
        ],
        "tags": [
          {
            "name": "@tag"
          },
          {
            "name": "@tag8"
          }
        ]
      },
      {
        "BDD_TESTRUN_UUID": "2cbc75a6-3aed-46e8-9c6a-59c3871c52d7",
        "line": 23,
        "name": "",
        "description": "",
        "type": "background",
        "keyword": "Background",
        "steps": [
          {
            "result": {
              "duration": 2552312600,
              "status": "passed"
            },
            "line": 24,
            "name": "I am on the Alta Shop website",
            "match": {
              "location": "web.onTheWebsite()"
            },
            "keyword": "Given ",
            "BDD_STEP_UUID": "a822d2d8-fbc8-4536-9db1-7f0269a1fa40"
          }
        ]
      },
      {
        "BDD_TESTRUN_UUID": "2cbc75a6-3aed-46e8-9c6a-59c3871c52d7",
        "line": 78,
        "name": "Remove items from cart",
        "description": "",
        "id": "web;remove-items-from-cart",
        "type": "scenario",
        "keyword": "Scenario",
        "steps": [
          {
            "result": {
              "duration": 2945134700,
              "status": "passed"
            },
            "line": 79,
            "name": "I add items to shopping cart",
            "match": {
              "location": "web.iAddItems()"
            },
            "keyword": "When ",
            "BDD_STEP_UUID": "328841d7-e103-43c7-a417-50140a411a3d"
          },
          {
            "result": {
              "duration": 504129700,
              "status": "passed"
            },
            "line": 80,
            "name": "I open my cart",
            "match": {
              "location": "web.openMyCart()"
            },
            "keyword": "And ",
            "BDD_STEP_UUID": "369a186e-bddc-4ac5-b170-e79f60c6e318"
          },
          {
            "result": {
              "duration": 604670500,
              "status": "passed"
            },
            "line": 81,
            "name": "I remove the product from my cart",
            "match": {
              "location": "web.removeProductFromCart()"
            },
            "keyword": "And ",
            "BDD_STEP_UUID": "a8e33018-ca70-44f0-a8b3-92ece392ff9e"
          },
          {
            "result": {
              "duration": 450438300,
              "status": "passed"
            },
            "line": 82,
            "name": "The product should be removed from the shopping cart",
            "match": {
              "location": "web.productIsRemoved()"
            },
            "keyword": "Then ",
            "BDD_STEP_UUID": "6093908d-49f6-488f-bb74-52149b8f98fe"
          }
        ],
        "tags": [
          {
            "name": "@tag"
          },
          {
            "name": "@tag9"
          }
        ]
      },
      {
        "BDD_TESTRUN_UUID": "aac1cdfb-502e-4e26-bfcb-d06b290d2d93",
        "line": 23,
        "name": "",
        "description": "",
        "type": "background",
        "keyword": "Background",
        "steps": [
          {
            "result": {
              "duration": 2258310300,
              "status": "passed"
            },
            "line": 24,
            "name": "I am on the Alta Shop website",
            "match": {
              "location": "web.onTheWebsite()"
            },
            "keyword": "Given ",
            "BDD_STEP_UUID": "ef02ac05-b4a3-4924-a4ce-dac52edbaed2"
          }
        ]
      },
      {
        "BDD_TESTRUN_UUID": "aac1cdfb-502e-4e26-bfcb-d06b290d2d93",
        "line": 85,
        "name": "Search a product",
        "description": "",
        "id": "web;search-a-product",
        "type": "scenario",
        "keyword": "Scenario",
        "steps": [
          {
            "result": {
              "duration": 3060036600,
              "status": "passed"
            },
            "line": 86,
            "name": "I click the search box",
            "match": {
              "location": "web.iClickSearch()"
            },
            "keyword": "When ",
            "BDD_STEP_UUID": "bee0b3ad-ba05-4844-a300-bd95d498fb2d"
          },
          {
            "result": {
              "duration": 744636600,
              "status": "passed"
            },
            "line": 87,
            "name": "I choose the selection in the dropdown",
            "match": {
              "location": "web.iChooseSearchOption()"
            },
            "keyword": "And ",
            "BDD_STEP_UUID": "efb5b90e-8c27-48ce-8178-987cfe6aff8a"
          },
          {
            "result": {
              "duration": 773159500,
              "status": "passed"
            },
            "line": 88,
            "name": "Search results matching the keyword should appear",
            "match": {
              "location": "web.getSearchResults()"
            },
            "keyword": "Then ",
            "BDD_STEP_UUID": "a4d9a9e5-2781-4183-a81f-9644289e431c"
          }
        ],
        "tags": [
          {
            "name": "@tag"
          },
          {
            "name": "@tag10"
          }
        ]
      },
      {
        "BDD_TESTRUN_UUID": "c3600f74-c915-4676-9e67-1ee53bf3da1b",
        "line": 23,
        "name": "",
        "description": "",
        "type": "background",
        "keyword": "Background",
        "steps": [
          {
            "result": {
              "duration": 2311593900,
              "status": "passed"
            },
            "line": 24,
            "name": "I am on the Alta Shop website",
            "match": {
              "location": "web.onTheWebsite()"
            },
            "keyword": "Given ",
            "BDD_STEP_UUID": "97ee1ff1-4f1a-4d51-9b78-5d30da7c1e1d"
          }
        ]
      },
      {
        "BDD_TESTRUN_UUID": "c3600f74-c915-4676-9e67-1ee53bf3da1b",
        "line": 91,
        "name": "Update quantity of product",
        "description": "",
        "id": "web;update-quantity-of-product",
        "type": "scenario",
        "keyword": "Scenario",
        "steps": [
          {
            "result": {
              "duration": 3524816600,
              "status": "passed"
            },
            "line": 92,
            "name": "I click on the shopping cart icon to view its contents",
            "match": {
              "location": "web.iOpenMyCart()"
            },
            "keyword": "When ",
            "BDD_STEP_UUID": "00c39464-5b80-4be7-95fb-4e9d6de2f1b5"
          },
          {
            "result": {
              "duration": 605483600,
              "status": "passed"
            },
            "line": 93,
            "name": "I change the quantity of items for a product in the cart",
            "match": {
              "location": "web.iChangeQuantity()"
            },
            "keyword": "And ",
            "BDD_STEP_UUID": "8ac88e97-6130-46a6-a1fa-3881246b91ac"
          },
          {
            "result": {
              "duration": 448293200,
              "status": "passed"
            },
            "line": 94,
            "name": "The quantity of items in the cart should be updated correctly",
            "match": {
              "location": "web.quantityIsUpdated()"
            },
            "keyword": "Then ",
            "BDD_STEP_UUID": "d8039009-27aa-42a2-a2cc-7a2967e73bc5"
          }
        ],
        "tags": [
          {
            "name": "@tag"
          },
          {
            "name": "@tag11"
          }
        ]
      },
      {
        "BDD_TESTRUN_UUID": "6aaac2bc-353b-4d2f-941f-730af7768d03",
        "line": 23,
        "name": "",
        "description": "",
        "type": "background",
        "keyword": "Background",
        "steps": [
          {
            "result": {
              "duration": 2369354000,
              "status": "passed"
            },
            "line": 24,
            "name": "I am on the Alta Shop website",
            "match": {
              "location": "web.onTheWebsite()"
            },
            "keyword": "Given ",
            "BDD_STEP_UUID": "111b7367-4efc-4c05-940f-615f497ccedb"
          }
        ]
      },
      {
        "BDD_TESTRUN_UUID": "6aaac2bc-353b-4d2f-941f-730af7768d03",
        "line": 97,
        "name": "User can logout",
        "description": "",
        "id": "web;user-can-logout",
        "type": "scenario",
        "keyword": "Scenario",
        "steps": [
          {
            "result": {
              "duration": 5153990000,
              "status": "passed"
            },
            "line": 98,
            "name": "i log in to my account",
            "match": {
              "location": "web.iLogIn()"
            },
            "keyword": "When ",
            "BDD_STEP_UUID": "ce204b2f-f30d-4b55-868e-3fe50deb3ad4"
          },
          {
            "result": {
              "duration": 4277812400,
              "status": "passed"
            },
            "line": 99,
            "name": "i click profile button",
            "match": {
              "location": "web.iClickProfile()"
            },
            "keyword": "And ",
            "BDD_STEP_UUID": "95d4d2f2-863b-4188-8b02-aa2b7bc42d99"
          },
          {
            "result": {
              "duration": 645927800,
              "status": "passed"
            },
            "line": 100,
            "name": "i click logout",
            "match": {
              "location": "web.iClickLogout()"
            },
            "keyword": "And ",
            "BDD_STEP_UUID": "eb67031d-cb8e-4027-af36-e4e781bec10a"
          },
          {
            "result": {
              "duration": 356280100,
              "status": "passed"
            },
            "line": 101,
            "name": "i will redirect to login page",
            "match": {
              "location": "web.redirectToLogin()"
            },
            "keyword": "Then ",
            "BDD_STEP_UUID": "64eb5fa1-a6d9-445e-96d7-b994a4bf69e1"
          }
        ],
        "tags": [
          {
            "name": "@tag"
          },
          {
            "name": "@tag12"
          }
        ]
      },
      {
        "BDD_TESTRUN_UUID": "dc9bcbc5-bd44-498d-afe3-21030d4502fe",
        "line": 23,
        "name": "",
        "description": "",
        "type": "background",
        "keyword": "Background",
        "steps": [
          {
            "result": {
              "duration": 3006490800,
              "status": "passed"
            },
            "line": 24,
            "name": "I am on the Alta Shop website",
            "match": {
              "location": "web.onTheWebsite()"
            },
            "keyword": "Given ",
            "BDD_STEP_UUID": "8f53ca49-d889-4bb8-bc21-41baaef77a2e"
          }
        ]
      },
      {
        "BDD_TESTRUN_UUID": "dc9bcbc5-bd44-498d-afe3-21030d4502fe",
        "line": 104,
        "name": "View shopping cart",
        "description": "",
        "id": "web;view-shopping-cart",
        "type": "scenario",
        "keyword": "Scenario",
        "steps": [
          {
            "result": {
              "duration": 3703268500,
              "status": "passed"
            },
            "line": 105,
            "name": "i click Beli Button to add items to cart",
            "match": {
              "location": "web.iClickBeliAndAddItems()"
            },
            "keyword": "When ",
            "BDD_STEP_UUID": "440fde6d-0d35-42b3-b348-1bec3c694bed"
          },
          {
            "result": {
              "duration": 574982000,
              "status": "passed"
            },
            "line": 106,
            "name": "i open my cart page",
            "match": {
              "location": "web.iOpenMyCartPage()"
            },
            "keyword": "And ",
            "BDD_STEP_UUID": "b2331e35-3b37-41ee-876b-32f4a426dbe5"
          },
          {
            "result": {
              "duration": 553029100,
              "status": "passed"
            },
            "line": 107,
            "name": "i can see all my items on cart",
            "match": {
              "location": "web.iSeeAllMyItems()"
            },
            "keyword": "Then ",
            "BDD_STEP_UUID": "d5a66232-59fb-47a8-81c0-e516baebf2e0"
          }
        ],
        "tags": [
          {
            "name": "@tag"
          },
          {
            "name": "@tag13"
          }
        ]
      },
      {
        "BDD_TESTRUN_UUID": "4093e460-c3ce-4ba1-b2b6-5fc24a1b878c",
        "line": 23,
        "name": "",
        "description": "",
        "type": "background",
        "keyword": "Background",
        "steps": [
          {
            "result": {
              "duration": 2395339500,
              "status": "passed"
            },
            "line": 24,
            "name": "I am on the Alta Shop website",
            "match": {
              "location": "web.onTheWebsite()"
            },
            "keyword": "Given ",
            "BDD_STEP_UUID": "8942f094-abfd-4e35-9d7d-f312935fe194"
          }
        ]
      },
      {
        "BDD_TESTRUN_UUID": "4093e460-c3ce-4ba1-b2b6-5fc24a1b878c",
        "line": 110,
        "name": "Add to cart",
        "description": "",
        "id": "web;add-to-cart",
        "type": "scenario",
        "keyword": "Scenario",
        "steps": [
          {
            "result": {
              "duration": 3831255900,
              "status": "passed"
            },
            "line": 111,
            "name": "I click the Beli button",
            "match": {
              "location": "web.iSelectProduct()"
            },
            "keyword": "When ",
            "BDD_STEP_UUID": "e7b7fbb4-f63e-4583-893d-3419c2c66631"
          },
          {
            "result": {
              "duration": 540665000,
              "status": "passed"
            },
            "line": 112,
            "name": "The product should be successfully added to my shopping cart",
            "match": {
              "location": "web.addProductTo()"
            },
            "keyword": "Then ",
            "BDD_STEP_UUID": "546d0b25-7dbd-4c43-a5d4-8fcd97c8541e"
          }
        ],
        "tags": [
          {
            "name": "@tag"
          },
          {
            "name": "@tag14"
          }
        ]
      }
    ],
    "name": "Web",
    "description": "  I want to use this template for my feature file",
    "id": "web",
    "keyword": "Feature",
    "uri": "C:/Users/Angelin/Katalon Studio/MiniProject-Web/Include/features/web.feature",
    "tags": [
      {
        "name": "@tag",
        "type": "Tag",
        "location": {
          "line": 19,
          "column": 1
        }
      }
    ]
  }
]